,Stock Index,Stock Price
0,AC3235,793.648386848322
1,AC3236,279.63437257186
2,AC3237,1550.6530113993
3,AC3238,815.691984957956
4,AC3239,268.81719111859
5,AC3240,357.253155257202
6,AC3241,697.682566127614
7,AC3242,854.552566891873
8,AC3243,879.659669155812
9,AC3244,276.781881279956
10,AC3245,314.161884761897
11,AC3246,417.265971489188
12,AC3247,825.418768022345
13,AC3248,124.950379699925
14,AC3249,99.2789544442977
15,AC3250,174.62309725901
16,AC3251,1846.29187067668
17,AC3252,133.361220242019
18,AC3253,250.626723879196
19,AC3254,212.305318225583
20,AC3255,962.292076583185
21,AC3256,882.116095156239
22,AC3257,1495.48924500523
23,AC3258,705.368586965821
24,AC3259,198.303830660386
25,AC3260,305.555572864296
26,AC3261,112.739866316885
27,AC3262,240.418485006811
28,AC3263,402.527273908602
29,AC3264,127.696702012664
30,AC3265,1050.51772273442
31,AC3266,882.116095156239
32,AC3267,504.118292597501
33,AC3268,453.442850270315
34,AC3269,418.033206332593
35,AC3270,833.916647605389
36,AC3271,89.6093628314086
37,AC3272,339.54510887515
38,AC3273,970.441717761324
39,AC3274,665.236521025808
40,AC3275,1061.94802277451
41,AC3276,694.495355228344
42,AC3277,1327.15815278596
43,AC3278,990.989244859391
44,AC3279,196.413463391839
45,AC3280,453.967412156396
46,AC3281,902.708908615127
47,AC3282,139.630484293258
48,AC3283,574.224724444908
49,AC3284,774.7642877287
50,AC3285,91.7009910003842
51,AC3286,900.249153184007
52,AC3287,186.756605224801
53,AC3288,185.577237272969
54,AC3289,160.309750160886
55,AC3290,172.368190899977
56,AC3291,179.645362676775
57,AC3292,89.743275446287
58,AC3293,523.596747447334
59,AC3294,203.935207242482
60,AC3295,574.172547000282
61,AC3296,106.182583508135
62,AC3297,593.596737429168
63,AC3298,787.027712969318
64,AC3299,89.743275446287
65,AC3300,102.64723501341
66,AC3301,882.049349420713
67,AC3302,126.978317181907
68,AC3303,1215.62230941598
69,AC3304,37.9106588475767
70,AC3305,276.114636444745
71,AC3306,168.192934804116
72,AC3307,36.9282820315338
73,AC3308,126.532593192483
74,AC3309,250.614809009455
75,AC3310,806.918215820638
76,AC3311,1018.02138844985
77,AC3312,867.573956903133
78,AC3313,24.5572296417827
79,AC3314,79.5673212050181
80,AC3315,114.413427699373
81,AC3316,449.260706674045
82,AC3317,979.724781133945
83,AC3318,566.620516094966
84,AC3319,1193.56052842495
85,AC3320,15.9047398475299
86,AC3321,117.289083095186
87,AC3322,95.5982379664031
88,AC3323,890.219168436069
89,AC3324,78.0209622825128
90,AC3325,280.686658592372
91,AC3326,725.985707891875
92,AC3327,99.959988509161
93,AC3328,23.0683526909933
94,AC3329,709.407713952873
95,AC3330,892.165677602155
96,AC3331,247.373447161813
97,AC3332,781.762418292671
98,AC3333,1496.95872032021
99,AC3334,294.372977064054
100,AC3335,617.776132451108
101,AC3336,132.594151187503
102,AC3337,689.369582446335
103,AC3338,1758.80538987021
104,AC3339,762.03395451074
105,AC3340,70.3059093107292
106,AC3341,1267.00687258775
107,AC3342,1224.02470305508
108,AC3343,305.950352778046
109,AC3344,98.2618189004402
110,AC3345,255.049567053998
111,AC3346,91.9380160186719
112,AC3347,280.048212673748
113,AC3348,653.162691115859
114,AC3349,160.269403767149
115,AC3350,103.39681224054
116,AC3351,756.951979628678
117,AC3352,51.8153501119637
118,AC3353,379.746310811002
119,AC3354,284.917482157351
120,AC3355,591.192349144156
121,AC3356,223.533884861725
122,AC3357,1084.2115236288
123,AC3358,1569.83628238632
124,AC3359,1273.56284921046
125,AC3360,1175.89249165843
126,AC3361,221.927424994602
127,AC3362,725.985707891875
128,AC3363,493.336493759217
129,AC3364,339.54510887515
130,AC3365,89.0327837022704
131,AC3366,329.230758868555
132,AC3367,246.865379892756
133,AC3368,635.428178598817
134,AC3369,304.398315639511
135,AC3370,575.313783608249
136,AC3371,344.106533303543
137,AC3372,476.229571142036
138,AC3373,228.88005946477
139,AC3374,331.486348653977
140,AC3375,1024.26968323517
141,AC3376,437.066859715992
142,AC3377,222.227290534671
143,AC3378,370.959376161688
144,AC3379,611.533717397602
145,AC3380,144.720633600274
146,AC3381,416.182744326753
147,AC3382,604.275037136685
148,AC3383,146.674554929079
149,AC3384,233.197305050188
150,AC3385,251.175388896697
151,AC3386,110.725434853214
152,AC3387,278.467768110167
153,AC3388,1555.387430289
154,AC3389,258.705515877469
155,AC3390,270.953186391249
156,AC3391,835.401162472922
157,AC3392,625.534257972867
158,AC3393,442.430065449326
159,AC3394,557.384640955194
160,AC3395,1446.12912264212
161,AC3396,58.9636391802436
162,AC3397,686.281954493882
163,AC3398,405.214597356451
164,AC3399,61.4928717032257
165,AC3400,182.620971034019
166,AC3401,127.942363380257
167,AC3402,452.294950299825
168,AC3403,283.128454761777
169,AC3404,88.9487090060948
170,AC3405,109.40625613802
171,AC3406,288.922455411112
172,AC3407,176.636495315921
173,AC3408,704.225479850316
174,AC3409,1250.52183814624
175,AC3410,929.347923311756
176,AC3411,943.081723478939
177,AC3412,1476.83562436829
178,AC3413,175.290942292325
179,AC3414,342.574368524757
180,AC3415,207.007101152773
181,AC3416,575.313783608249
182,AC3417,884.396394952756
183,AC3418,147.121844800596
184,AC3419,1346.06612221416
185,AC3420,203.443177270569
186,AC3421,200.335393849596
187,AC3422,882.116095156239
188,AC3423,97.8006695371024
189,AC3424,1162.99548089135
190,AC3425,222.85048331191
191,AC3426,82.2213499847253
192,AC3427,357.319262674394
193,AC3428,754.574763970985
194,AC3429,814.606761307852
195,AC3430,338.919034934203
196,AC3431,487.6272483345
197,AC3432,505.299044352208
198,AC3433,207.822618925901
199,AC3434,793.555988953863
200,AC3435,1084.48905424347
201,AC3436,442.153528428525
202,AC3437,140.719936483009
203,AC3438,1534.09095383457
204,AC3439,163.154887151256
205,AC3440,1205.39282498664
206,AC3441,438.158153008499
207,AC3442,52.2558923114415
208,AC3443,1231.43874399474
209,AC3444,163.062655045898
210,AC3445,136.267356017391
211,AC3446,736.403687980163
212,AC3447,917.704102124111
213,AC3448,126.635472359374
214,AC3449,1140.30686693128
215,AC3450,200.651667859192
216,AC3451,1044.89292182905
217,AC3452,730.145429742692
218,AC3453,656.875740159674
219,AC3454,66.5306121720856
220,AC3455,724.551653813344
221,AC3456,160.4802842781
222,AC3457,623.230119968329
223,AC3458,749.349452601353
224,AC3459,1832.7793555326
225,AC3460,519.955274577203
226,AC3461,514.318929022569
227,AC3462,474.71411557045
228,AC3463,1266.2121152128
229,AC3464,247.469400498992
230,AC3465,618.375786973033
231,AC3466,34.7569859811002
232,AC3467,120.547044213973
233,AC3468,1496.95872032021
234,AC3469,285.894094244887
235,AC3470,367.797837966133
236,AC3471,663.842512068171
237,AC3472,212.305318225583
238,AC3473,426.655580559463
239,AC3474,387.577857952388
240,AC3475,85.4812814093216
241,AC3476,589.667778445118
242,AC3477,833.430445788807
243,AC3478,140.719936483009
244,AC3479,198.303830660386
245,AC3480,165.297585505985
246,AC3481,1120.88766934388
247,AC3482,418.403916851051
248,AC3483,1030.35232407296
249,AC3484,953.934580238202
250,AC3485,792.002520980794
251,AC3486,101.170691617797
252,AC3487,212.506750008191
253,AC3488,1805.31331001782
254,AC3489,796.18540286534
255,AC3490,1571.66519645471
256,AC3491,239.944973228379
257,AC3492,972.914112910311
258,AC3493,76.4955831494678
259,AC3494,968.016500959298
260,AC3495,145.93992941292
261,AC3496,1380.83771410974
262,AC3497,404.823457858872
263,AC3498,63.7699762473971
264,AC3499,384.831570941406
265,AC3500,104.207664439741
266,AC3501,231.529768926475
267,AC3502,258.254347037055
268,AC3503,302.701225859847
269,AC3504,1106.57411609437
270,AC3505,1185.95133923488
271,AC3506,420.607287606419
272,AC3507,860.853641421177
273,AC3508,920.091933140194
274,AC3509,359.593804073999
275,AC3510,1279.71952631483
276,AC3511,992.788340869267
277,AC3512,954.610841538075
278,AC3513,590.518905275414
279,AC3514,177.676910090801
280,AC3515,892.165293832526
281,AC3516,560.27562714219
282,AC3517,511.583405346791
283,AC3518,585.108924538324
284,AC3519,937.752605103316
285,AC3520,1705.29574732813
286,AC3521,814.606761307852
287,AC3522,1231.4660967942
288,AC3523,1070.77939422642
289,AC3524,1199.32525345579
290,AC3525,822.565233960468
291,AC3526,443.865084933152
292,AC3527,80.7381169071572
293,AC3528,75.6551267498505
294,AC3529,979.724781133945
295,AC3530,556.107397219594
296,AC3531,573.395286381223
297,AC3532,747.210646842393
298,AC3533,518.477535721432
299,AC3534,818.425817867067
300,AC3535,935.112612362742
301,AC3536,220.496283582191
302,AC3537,134.309848668205
303,AC3538,899.272120540038
304,AC3539,1241.3997097993
305,AC3540,365.285973142088
306,AC3541,517.370267114568
307,AC3542,301.483910179282
308,AC3543,1042.26783287732
309,AC3544,438.158153008499
310,AC3545,518.367775945965
311,AC3546,419.727166284412
312,AC3547,514.318929022569
313,AC3548,81.7424995188855
314,AC3549,1607.49327874875
315,AC3550,814.606761307852
316,AC3551,1189.1803935455
317,AC3552,316.597103063349
318,AC3553,931.402565803799
319,AC3554,280.941197062723
320,AC3555,220.856968241783
321,AC3556,1044.81121418296
322,AC3557,634.962276590796
323,AC3558,1247.86334780144
324,AC3559,539.891507285912
325,AC3560,167.605518074445
326,AC3561,174.718225929629
327,AC3562,717.643311387621
328,AC3563,1088.39860244459
329,AC3564,1501.94956241312
330,AC3565,700.584827466285
331,AC3566,303.666090278318
332,AC3567,215.527059741804
333,AC3568,147.541147932728
334,AC3569,339.484701342912
335,AC3570,820.910248623432
336,AC3571,560.728047719286
337,AC3572,476.588325281444
338,AC3573,1256.28309278122
339,AC3574,661.151567233871
340,AC3575,320.549585939467
341,AC3576,573.52970396516
342,AC3577,1718.13499505797
343,AC3578,85.832825447542
344,AC3579,1496.99930602769
345,AC3580,127.790249995967
346,AC3581,92.1994742240142
347,AC3582,235.937595050013
348,AC3583,727.14509750528
349,AC3584,207.395020849377
350,AC3585,104.207664439741
351,AC3586,692.10088869983
352,AC3587,23.8445338806699
353,AC3588,218.70498332275
354,AC3589,160.661172234942
355,AC3590,305.119651867737
356,AC3591,355.111130276432
357,AC3592,277.3834093176
358,AC3593,62.3256071270327
359,AC3594,133.229399351588
360,AC3595,401.598907142804
361,AC3596,806.653545200273
362,AC3597,81.7424995188855
363,AC3598,247.343614368365
364,AC3599,1174.32318393019
365,AC3600,1227.82338744519
366,AC3601,962.292076583185
367,AC3602,766.535971377555
368,AC3603,1685.748231629
369,AC3604,323.731527885785
370,AC3605,774.129392671057
371,AC3606,1240.42100611396
372,AC3607,36.6065606361832
373,AC3608,1050.064951021
374,AC3609,478.216596866791
375,AC3610,190.35857732341
376,AC3611,787.027712969318
377,AC3612,92.5530733584872
378,AC3613,1204.67815382575
379,AC3614,493.336493759217
380,AC3615,452.089542076461
381,AC3616,296.904635061113
382,AC3617,1295.92114208651
383,AC3618,119.114149633405
384,AC3619,249.824417018535
385,AC3620,240.418485006811
386,AC3621,830.543252732092
387,AC3622,256.065582384449
388,AC3623,314.86246366483
389,AC3624,711.549532372452
390,AC3625,289.02638530037
391,AC3626,92.7330925657702
392,AC3627,700.584827466285
393,AC3628,51.7749909618927
394,AC3629,48.6890149009131
395,AC3630,602.469526804333
396,AC3631,51.7749909618927
397,AC3632,320.549585939467
398,AC3633,299.264146760179
399,AC3634,1415.77264619979
400,AC3635,270.953186391249
401,AC3636,1224.4352548955
402,AC3637,358.066886651936
403,AC3638,996.580143705146
404,AC3639,206.465207401222
405,AC3640,928.142925781744
406,AC3641,491.031793515103
407,AC3642,117.814780354172
408,AC3643,589.880029593882
409,AC3644,760.910755495674
410,AC3645,1112.69815093842
411,AC3646,693.74583847948
412,AC3647,418.964698257213
413,AC3648,235.937595050013
414,AC3649,385.92237570721
415,AC3650,706.143445978664
416,AC3651,1367.66511677264
417,AC3652,386.653808476914
418,AC3653,562.471061331243
419,AC3654,1186.06317137035
420,AC3655,357.89028084164
421,AC3656,361.891472844591
422,AC3657,943.195469285197
423,AC3658,777.736126552887
424,AC3659,524.18804465046
425,AC3660,120.547044213973
426,AC3661,150.676409382398
427,AC3662,294.415416178696
428,AC3663,815.691984957956
429,AC3664,420.903860455974
430,AC3665,869.425220022588
431,AC3666,402.222492510639
432,AC3667,634.906460411788
433,AC3668,1302.51865152659
434,AC3669,1180.86840287497
435,AC3670,406.699068054875
436,AC3671,102.082703235785
437,AC3672,365.486080122376
438,AC3673,906.511886660568
439,AC3674,906.621143706651
440,AC3675,570.324375718802
441,AC3676,1383.57551409226
442,AC3677,1088.39860244459
443,AC3678,1269.01414740855
444,AC3679,401.781924373149
445,AC3680,611.836447440223
446,AC3681,568.999847365431
447,AC3682,337.927539227658
448,AC3683,537.94231276472
449,AC3684,385.865968778376
450,AC3685,141.648169256226
451,AC3686,269.124028666237
452,AC3687,860.405814345632
453,AC3688,240.418485006811
454,AC3689,819.871314167976
455,AC3690,661.332835311263
456,AC3691,473.861098946647
457,AC3692,195.125322988368
458,AC3693,146.674554929079
459,AC3694,222.682237169149
460,AC3695,200.335393849596
461,AC3696,102.293181433609
462,AC3697,350.161768004615
463,AC3698,171.682115319871
464,AC3699,120.778762653447
465,AC3700,1160.24864361294
466,AC3701,258.254347037055
467,AC3702,428.00449854875
468,AC3703,171.97103024007
469,AC3704,269.380648937829
470,AC3705,689.805133747745
471,AC3706,660.291404259106
472,AC3707,1525.23860711439
473,AC3708,1192.70977860506
474,AC3709,271.765784436882
475,AC3710,126.258089778821
476,AC3711,961.768508954039
477,AC3712,363.646292399901
478,AC3713,944.067025271418
479,AC3714,1454.71310224312
480,AC3715,1322.1702078776
481,AC3716,214.678690459074
482,AC3717,813.639596617243
483,AC3718,1406.23060309333
484,AC3719,1056.23828507175
485,AC3720,102.293181433609
486,AC3721,323.569719792305
487,AC3722,1529.56084219498
488,AC3723,564.011849037763
489,AC3724,97.1126991596383
490,AC3725,864.999759370329
491,AC3726,117.289083095186
492,AC3727,633.626078196725
493,AC3728,297.111030853359
494,AC3729,346.305994701794
495,AC3730,598.885273545554
496,AC3731,986.899965778017
497,AC3732,542.070154032646
498,AC3733,155.443699516656
499,AC3734,445.124870747298
500,AC3735,376.571835031245
501,AC3736,686.199227300797
502,AC3737,596.296577321228
503,AC3738,364.209196305591
504,AC3739,73.4504736726294
505,AC3740,364.209196305591
506,AC3741,751.671308343171
507,AC3742,710.918345157126
508,AC3743,864.869719274317
509,AC3744,60.2590591509826
510,AC3745,106.221209582461
511,AC3746,345.155746174193
512,AC3747,452.089542076461
513,AC3748,109.565375745243
514,AC3749,500.963071814671
515,AC3750,1444.56006609198
516,AC3751,57.3768705186499
517,AC3752,79.8101892880917
518,AC3753,372.737738090279
519,AC3754,520.407385730668
520,AC3755,69.8141519434749
521,AC3756,353.476591877966
522,AC3757,434.377822269637
523,AC3758,379.746310811002
524,AC3759,271.765784436882
525,AC3760,222.227290534671
526,AC3761,741.636266278935
527,AC3762,517.912988384271
528,AC3763,888.625508094077
529,AC3764,466.016437489351
530,AC3765,289.816999134975
531,AC3766,449.260706674045
532,AC3767,81.7424995188855
533,AC3768,1054.77521162219
534,AC3769,1066.55578765298
535,AC3770,127.942363380257
536,AC3771,501.85535978553
537,AC3772,442.153528428525
538,AC3773,67.951972938294
539,AC3774,223.533884861725
540,AC3775,32.4735719212939
541,AC3776,303.368616617156
542,AC3777,86.4009118679929
543,AC3778,863.738920973765
544,AC3779,1758.65639741542
545,AC3780,106.490096107607
546,AC3781,650.122826701775
547,AC3782,104.785931491478
548,AC3783,625.187121373785
549,AC3784,307.583474228381
550,AC3785,356.175074201747
551,AC3786,429.757824246253
552,AC3787,236.488046978462
553,AC3788,159.483353771496
554,AC3789,1440.1762860153
555,AC3790,885.740887669352
556,AC3791,198.033171200028
557,AC3792,810.686319955822
558,AC3793,291.099705883175
559,AC3794,847.201834072835
560,AC3795,512.182498729069
561,AC3796,314.86246366483
562,AC3797,109.40625613802
563,AC3798,607.444569449964
564,AC3799,1044.81121418296
565,AC3800,84.5735494852911
566,AC3801,95.6582138441916
567,AC3802,219.093901713808
568,AC3803,67.6448892666912
569,AC3804,10.5734818791689
570,AC3805,24.5572296417827
571,AC3806,784.044988821737
572,AC3807,181.191192675319
573,AC3808,1443.82939238567
574,AC3809,204.499391375483
575,AC3810,493.578517340244
576,AC3811,294.372977064054
577,AC3812,575.313783608249
578,AC3813,1018.02138844985
579,AC3814,766.74461545538
580,AC3815,187.0053766185
581,AC3816,826.643846661466
582,AC3817,331.605214546466
583,AC3818,1655.63876513168
584,AC3819,93.523594605761
585,AC3820,142.35649011113
586,AC3821,30.1203903239134
587,AC3822,225.58147160089
588,AC3823,506.928804119634
589,AC3824,405.538796285333
590,AC3825,366.646112711958
591,AC3826,374.124147254839
592,AC3827,575.313783608249
593,AD1,143.663182230056
594,AD2,378.374010425951
595,AD3,81.7424995188855
596,AD4,693.74583847948
597,AD5,92.3043309032555
598,AD6,142.961779667323
599,AD7,385.048161226914
600,AD8,697.863404935187
601,AD9,628.529745101247
602,AD10,349.853870259935
603,AD11,126.891651055849
604,AD12,120.547044213973
605,AD13,808.433653370025
606,AD14,693.590929668409
607,AD15,1019.37784861483
608,AD16,636.564145846216
609,AD17,774.7642877287
610,AD18,598.7433927551
611,AD19,1564.48180041069
612,AD20,209.483489586686
613,AD21,793.555988953863
614,AD22,1337.30167384931
615,AD23,1650.87028973494
616,AD24,300.91503606724
617,AD25,728.699247498248
618,AD26,592.150453019831
619,AD27,355.111130276432
620,AD28,281.361202109103
621,AD29,759.016971267704
622,AD30,1123.4029844331
623,AD31,253.791751955169
624,AD32,376.442014262176
625,AD33,523.875468682532
626,AD34,232.3886817679
627,AD35,716.128205330902
628,AD36,110.933121030719
629,AD37,32.4735719212939
630,AD38,1570.9593188942
631,AD39,820.520562058351
632,AD40,484.839906371722
633,AD41,44.8166791999458
634,AD42,194.952764486561
635,AD43,143.496091013264
636,AD44,787.231469416047
637,AD45,1730.09665702105
638,AD46,489.200352943991
639,AD47,228.4417195487
640,AD48,171.227100173836
641,AD49,264.06937433936
642,AD50,552.360893276719
643,AD51,58.3190581066279
644,AD52,68.7153943505301
645,AD53,492.755997192635
646,AD54,112.752981056124
647,AD55,607.452396804795
648,AD56,1158.89024283638
649,AD57,835.401162472922
650,AD58,1174.32318393019
651,AD59,397.838583225626
652,AD60,618.375786973033
653,AD61,799.985987157547
654,AD62,1627.09764784961
655,AD63,719.796970638598
656,AD64,1030.35232407296
657,AD65,319.580741350815
658,AD66,398.145994520418
659,AD67,126.891651055849
660,AD68,1097.12057164476
661,AD69,191.205069251782
662,AD70,10.5734818791689
663,AD71,160.269403767149
664,AD72,651.900683153962
665,AD73,343.492018442056
666,AD74,223.499302712159
667,AD75,163.045666234727
668,AD76,1374.95966640443
669,AD77,269.124028666237
670,AD78,388.976667665848
671,AD79,1501.94956241312
672,AD80,758.426749452002
673,AD81,276.781881279956
674,AD82,585.826398781961
675,AD83,92.4661853428977
676,AD84,458.723922175374
677,AD85,1030.63134653091
678,AD86,517.370267114568
679,AD87,532.181290469707
680,AD88,657.883270405053
681,AD89,77.0579097284358
682,AD90,806.918215820638
683,AD91,1355.41666903256
684,AD92,198.431488650946
685,AD93,576.873781661607
686,AD94,560.27562714219
687,AD95,135.889481429333
688,AD96,715.674245377964
689,AD97,346.098452847876
690,AD98,1105.05509345021
691,AD99,30.6671983314679
692,AD100,808.597494338829
693,AD101,241.138226356484
694,AD102,89.5225025771986
695,AD103,159.479194206058
696,AD104,284.917482157351
697,AD105,956.250852272073
698,AD106,910.459960030131
699,AD107,1241.18807600201
700,AD108,1198.23208904074
701,AD109,193.670108472523
702,AD110,617.804872274997
703,AD111,522.418661718763
704,AD112,1154.11502086863
705,AD113,338.709814042691
706,AD114,160.252753868204
707,AD115,325.698923057883
708,AD116,575.592878744636
709,AD117,816.051914177721
710,AD118,126.706142299609
711,AD119,360.368436376287
712,AD120,75.8875397949055
713,AD121,86.2697454409675
714,AD122,599.123341747005
715,AD123,38.1647140636475
716,AD124,528.842465692778
717,AD125,570.324375718802
718,AD126,692.10088869983
719,AD127,1247.22030073676
720,AD128,438.158153008499
721,AD129,660.756806501382
722,AD130,265.991242830922
723,AD131,792.002520980794
724,AD132,532.835399271113
725,AD133,737.271909739373
726,AD134,416.182744326753
727,AD135,1551.65298662307
728,AD136,814.606761307852
729,AD137,460.795054956689
730,AD138,830.543252732092
731,AD139,1507.34128308462
732,AD140,417.265971489188
733,AD141,70.5634412628872
734,AD142,825.418768022345
735,AD143,114.881773997979
736,AD144,126.532593192483
737,AD145,166.057260198128
738,AD146,1205.19973628905
739,AD147,944.989275626023
740,AD148,813.819496514733
741,AD149,1124.33387005443
742,AD150,753.798219062328
743,AD151,269.457172062046
744,AD152,1157.85817856127
745,AD153,439.601652300329
746,AD154,390.973463548399
747,AD155,537.085048247572
748,AD156,103.39681224054
749,AD157,1383.40111250145
750,AD158,385.869463541778
751,AD159,574.224724444908
752,AD160,1208.44813454718
753,AD161,652.517211326274
754,AD162,188.715324837145
755,AD163,491.656766339449
756,AD164,891.946300559439
757,AD165,587.394890933847
758,AD166,449.143340655328
759,AD167,435.360105929979
760,AD168,470.556375828065
761,AD169,820.73523068354
762,AD170,90.1429819641885
763,AD171,686.199227300797
764,AD172,233.882065478687
765,AD173,594.918145909951
766,AD174,686.281954493882
767,AD175,300.943384301981
768,AD176,292.264533136564
769,AD177,415.52500080739
770,AD178,1238.19996008152
771,AD179,882.116095156239
772,AD180,77.5085602326878
773,AD181,1296.44382871898
774,AD182,244.39839704723
775,AD183,78.2462240811041
776,AD184,1336.32592903304
777,AD185,479.205076605916
778,AD186,1274.69830051731
779,AD187,549.273112997199
780,AD188,101.226728857475
781,AD189,1163.89422480162
782,AD190,357.319262674394
783,AD191,118.89754978835
784,AD192,605.799590548496
785,AD193,35.0420918014143
786,AD194,343.125595699598
787,AD195,514.498979953895
788,AD196,858.499517714139
789,AD197,1151.1219788809
790,AD198,179.071395884719
791,AD199,93.8759347963342
792,AD200,629.799417625879
793,AD201,1180.95557160755
794,AD202,104.014720726133
795,AD203,567.583246759371
796,AD204,1097.12057164476
797,AD205,176.593382627226
798,AD206,316.597103063349
799,AD207,844.697354263153
800,AD208,710.918345157126
801,AD209,598.267506965885
802,AD210,1935.10245411821
803,AD211,377.09186420227
804,AD212,1163.89422480162
805,AD213,1338.58583151742
806,AD214,388.976667665848
807,AD215,606.484586995931
808,AD216,46.4118117301915
809,AD217,1475.95772923255
810,AD218,830.31517882504
811,AD219,368.088683140908
812,AD220,405.538796285333
813,AD221,460.206668461551
814,AD222,1290.02165654602
815,AD223,66.8000491077374
816,AD224,816.171483695384
817,AD225,481.501309893099
818,AD226,1695.84708688744
819,AD227,517.912988384271
820,AD228,280.048212673748
821,AD229,398.475330848871
822,AD230,385.869463541778
823,AD231,470.207708558141
824,AD232,812.531852073451
825,AD233,587.394890933847
826,AD234,271.765784436882
827,AD235,312.311890051463
828,AD236,346.283903236374
829,AD237,402.301064652759
830,AD238,716.611061153728
831,AD239,818.387624809549
832,AD240,1591.20162276812
833,AD241,661.963062782437
834,AD242,92.3043309032555
835,AD243,906.621143706651
836,AD244,654.56201552852
837,AD245,305.624554742112
838,AD246,627.261789488437
839,AD247,1459.2342023487
840,AD248,779.448859804035
841,AD249,305.29799310339
842,AD250,766.468513424669
843,AD251,640.123632673053
844,AD252,1353.11406302831
845,AD253,142.979639205666
846,AD254,74.0473719240237
847,AD255,635.840913996897
848,AD256,125.215975827991
849,AD257,1692.92909730244
850,AD258,610.743929439153
851,AD259,241.765610875959
852,AD260,693.546964120916
853,AD261,120.547044213973
854,AD262,40.8494113608138
855,AD263,658.221949280727
856,AD264,319.075354204728
857,AD265,822.379402066665
858,AD266,307.06547678754
859,AD267,139.881839675093
860,AD268,1038.91887143262
861,AD269,758.527821451998
862,AD270,1534.09095383457
863,AD271,209.517424939622
864,AD272,509.346693853537
865,AD273,99.3617419728777
866,AD274,251.614135948046
867,AD275,845.694908309175
868,AD276,186.544117707425
869,AD277,60.3470618041286
870,AD278,787.027712969318
871,AD279,264.92193395575
872,AD280,787.231469416047
873,AD281,448.893552268849
874,AD282,1365.22153594995
875,AD283,143.245119115423
876,AD284,76.1453707529122
877,AD285,201.03473769307
878,AD286,93.8759347963342
879,AD287,558.451035373494
880,AD288,280.048212673748
881,AD289,81.7424995188855
882,AD290,1723.79849976098
883,AD291,180.589705371411
884,AD292,765.849344198023
885,AD293,728.699247498248
886,AD294,806.918215820638
887,AD295,265.991242830922
888,AD296,565.050056449308
889,AD297,41.2132767705685
890,AD298,787.027712969318
891,AD299,889.231427223268
892,AD300,287.662575260495
893,AD301,150.676409382398
894,AD302,401.598907142804
895,AD303,191.374225414404
896,AD304,954.610841538075
897,AD305,623.511931769969
898,AD306,378.374010425951
899,AD307,203.977402133662
900,AD308,366.12089276594
901,AD309,206.934534977111
902,AD310,685.117922139143
903,AD311,703.302091881009
904,AD312,1867.55105928291
905,AD313,1331.25259379583
906,AD314,149.413072141639
907,AD315,724.551653813344
908,AD316,522.521025564594
909,AD317,1224.6769224882
910,AD318,501.861354223904
911,AD319,324.419076246733
912,AD320,473.153256853329
913,AD321,1137.5616859976
914,AD322,368.58014516564
915,AD323,43.9815507144153
916,AD324,647.096240534792
917,AD325,1271.55441587932
918,AD326,464.3943478249
919,AD327,1219.82169356512
920,AD328,391.105802469296
921,AD329,1198.43014920274
922,AD330,790.560927564063
923,AD331,457.426048610471
924,AD332,454.582039302497
925,AD333,398.145994520418
926,AD334,389.681305249592
927,AD335,250.611361532209
928,AD336,90.0217876891056
929,AD337,518.477535721432
930,AD338,231.496105611964
931,AD339,1198.43014920274
932,AD340,481.903377198394
933,AD341,402.217188347082
934,AD342,353.20187253598
935,AD343,95.5982379664031
936,AD344,1383.40111250145
937,AD345,163.377286226459
938,AD346,497.517121800868
939,AD347,982.019352916648
940,AD348,180.67198472312
941,AD349,829.820282318047
942,AD350,687.865288502742
943,AD351,605.799590548496
944,AD352,520.953931417302
945,AD353,402.222492510639
946,AD354,351.178254238443
947,AD355,1516.61555139353
948,AD356,435.345144191675
949,AD357,68.5560078048603
950,AD358,360.521283886924
951,AD359,150.676409382398
952,AD360,768.001735623497
953,AD361,142.961779667323
954,AD362,179.031522680586
955,AD363,810.686319955822
956,AD364,677.869939077499
957,AD365,220.553212581339
958,AD366,173.779127110454
959,AD367,266.15626311072
960,AD368,171.190718762743
961,AD369,446.005867753343
962,AD370,575.313783608249
963,AD371,60.6478601493538
964,AD372,1475.62533802652
965,AD373,1423.98392049978
966,AD374,207.436158766482
967,AD375,808.366185150834
968,AD376,669.801143190708
969,AD377,1827.20539472103
970,AD378,268.230259072063
971,AD379,1242.33907046589
972,AD380,93.3453937975081
973,AD381,236.488046978462
974,AD382,251.614135948046
975,AD383,230.457212478575
976,AD384,180.902617583136
977,AD385,178.871419032742
978,AD386,635.428178598817
979,AD387,295.518658752351
980,AD388,852.863679995932
981,AD389,664.222662795817
982,AD390,882.726997113925
983,AD391,796.18540286534
984,AD392,900.129007794478
985,AD393,1341.7008030492
986,AD394,142.35649011113
987,AD395,345.139665595385
988,AD396,175.592406863938
989,AD397,1001.80634849118
990,AD398,367.024204300847
991,AD399,1240.32759146979
992,AD400,200.050255655283
993,AD401,857.115791409866
994,AD402,219.677594753675
995,AD403,715.711484091134
996,AD404,1314.87973793146
997,AD405,323.731527885785
998,AD406,294.113127963389
999,AD407,493.336493759217
1000,AD408,327.485455350958
1001,AD409,42.0831442830976
1002,AD410,283.040665639097
1003,AD411,1002.14110451876
1004,AD412,193.374326488288
1005,AD413,78.7896503257758
1006,AD414,355.976973687851
1007,AD415,683.094795747706
1008,AD416,234.831996344465
1009,AD417,284.004835970782
1010,AD418,328.277011186003
1011,AD419,490.187793815757
1012,AD420,185.577237272969
1013,AD421,652.517211326274
1014,AD422,51.5175514202653
1015,AD423,926.906200196239
1016,AD424,359.173949712362
1017,AD425,544.165674906132
1018,AD426,343.492018442056
1019,AD427,279.63437257186
1020,AD428,1164.89133028272
1021,AD429,251.614135948046
1022,AD430,277.006053285322
1023,AD431,498.975604724331
1024,AD432,356.752552734327
1025,AD433,1426.59596786314
1026,AD434,445.422136037699
1027,AD435,609.843437466499
1028,AD436,99.8777957725707
1029,AD437,239.323645917022
1030,AD438,499.986612854625
1031,AD439,78.5541424741014
1032,AD440,74.4645088567748
1033,AD441,434.377822269637
1034,AD442,336.564643874011
1035,AD443,455.435973549771
1036,AD444,294.372977064054
1037,AD445,954.610841538075
1038,AD446,272.367627326915
1039,AD447,1076.3731008257
1040,AD448,163.229080938684
1041,AD449,802.350918035609
1042,AD450,937.352904703597
1043,AD451,1151.18108462677
1044,AD452,650.122826701775
1045,AD453,391.283024357652
1046,AD454,486.747037939762
1047,AD455,685.033064232622
1048,AD456,286.498344293099
1049,AD457,172.499607586774
1050,AD458,61.4928717032257
1051,AD459,207.222397922004
1052,AD460,1678.60278573873
1053,AD461,1466.07173247468
1054,AD462,584.371648269541
1055,AD463,1546.70385099526
1056,AD464,589.010282407072
1057,AD465,44.8166791999458
1058,AD466,276.781881279956
1059,AD467,1114.6466099273
1060,AD468,190.038731036043
1061,AD469,340.083241587834
1062,AD470,1458.34050574523
1063,AD471,378.374010425951
1064,AD472,537.576109155676
1065,AD473,205.006155028625
1066,AD474,618.809158929385
1067,AD475,962.661997446731
1068,AD476,1705.29574732813
1069,AD477,861.323079045603
1070,AD478,195.45436364293
1071,AD479,465.303114441284
1072,AD480,198.364107016999
1073,AD481,557.280046412696
1074,AD482,287.662575260495
1075,AD483,586.845387231846
1076,AD484,1376.27710069606
1077,AD485,1383.14660002162
1078,AD486,98.5708922968689
1079,AD487,333.094504292342
1080,AD488,602.956027241832
1081,AD489,983.230621080241
1082,AD490,860.405814345632
1083,AD491,126.341124062042
1084,AD492,78.7896503257758
1085,AD493,770.140730090658
1086,AD494,514.498979953895
1087,AD495,505.299044352208
1088,AD496,1233.38765006088
1089,AD497,559.772145555178
1090,AD498,559.772145555178
1091,AD499,605.799590548496
1092,AD500,665.592860844025
1093,AD501,464.376974476629
1094,AD502,488.822085432518
1095,AD503,536.90729856038
1096,AD504,523.596747447334
1097,AD505,449.143340655328
1098,AD506,1202.45372921367
1099,AD507,177.09434281036
1100,AD508,664.222662795817
1101,AD509,670.918584527279
1102,AD510,119.114149633405
1103,AD511,95.5982379664031
1104,AD512,517.046719552796
1105,AD513,649.098607820164
1106,AD514,98.1650970431445
1107,AD515,120.778762653447
1108,AD516,339.969203773979
1109,AD517,333.847928457797
1110,AD518,889.382954561666
1111,AD519,1030.35232407296
1112,AD520,783.379347975368
1113,AD521,1853.98992293561
1114,AD522,638.906303757357
1115,AD523,247.373447161813
1116,AD524,821.520677640146
1117,AD525,144.150832055965
1118,AD526,306.843626517415
1119,AD527,301.500399277397
1120,AD528,97.8006695371024
1121,AD529,165.636763573365
1122,AD530,1259.66226850281
1123,AD531,89.5225025771986
1124,AD532,319.580741350815
1125,AD533,809.259048397587
1126,AD534,742.219862804273
1127,AD535,1204.58618818157
1128,AD536,97.4017041846583
1129,AD537,150.895888003954
1130,AD538,1146.68259754168
1131,AD539,578.934193749049
1132,AD540,142.815089827231
1133,AD541,560.27562714219
1134,AD542,624.982784224338
1135,AD543,367.26472007555
1136,AD544,194.876800766465
1137,AD545,1569.83628238632
1138,AD546,35.7607469542366
1139,AD547,402.025127920313
1140,AD548,289.739530554884
1141,AD549,964.345424062198
1142,AD550,330.638235483042
1143,AD551,574.224724444908
1144,AD552,385.048161226914
1145,AD553,114.82703655733
1146,AD554,578.625853115495
1147,AD555,368.577072386464
1148,AD556,363.322358584677
1149,AD557,355.398611968371
1150,AD558,460.846520858741
1151,AD559,1241.18807600201
1152,AD560,280.048212673748
1153,AD561,141.972491719511
1154,AD562,1240.18228363233
1155,AD563,339.54510887515
1156,AD564,239.323645917022
1157,AD565,422.29188493166
1158,AD566,697.035443269943
1159,AD567,1193.56052842495
1160,AD568,432.945664836946
1161,AD569,225.454797818217
1162,AD570,906.41620058332
1163,AD571,1122.2715468774
1164,AD572,784.082469021948
1165,AD573,635.233931699855
1166,AD574,1125.02981082316
1167,AD575,835.264081096428
1168,AD576,30.918239097075
1169,AD577,520.407385730668
1170,AD578,1216.62524318301
1171,AD579,911.005741157302
1172,AD580,271.869968440393
1173,AD581,167.253745297613
1174,AD582,172.437258550863
1175,AD583,1564.41262225772
1176,AD584,704.606087897307
1177,AD585,106.302092050369
1178,AD586,340.241193317821
1179,AD587,716.609485197824
1180,AD588,189.743750878769
1181,AD589,233.197305050188
1182,AD590,697.656720459819
1183,AD591,691.845073517517
1184,AD592,314.450835123907
1185,AD593,901.402947576606
1186,AD594,331.061829737391
1187,AD595,926.921276537938
1188,AD596,1044.34242128851
1189,AD597,1737.66192997986
1190,AD598,1335.92285662137
1191,AD599,420.634451827152
1192,AD600,307.583474228381
1193,AD601,213.935850895233
1194,AD602,672.555045414532
1195,AD603,269.982070027847
1196,AD604,121.777250485652
1197,AD605,676.212123347311
1198,AD606,931.143704056257
1199,AD607,180.065368104052
1200,AD608,453.380670913788
1201,AD609,665.236521025808
1202,AD610,23.3910629141313
1203,AD611,504.118292597501
1204,AD612,937.804566960188
1205,AD613,190.914540470444
1206,AD614,606.009084554667
1207,AD615,265.991242830922
1208,AD616,728.445357149148
1209,AD617,568.911840915679
1210,AD618,86.2697454409675
1211,AD619,401.428354822644
1212,AD620,781.80387269615
1213,AD621,743.698702286726
1214,AD622,73.7933267091162
1215,AD623,987.256221835014
1216,AD624,936.356686144345
1217,AD625,422.517067616421
1218,AD626,401.034841358622
1219,AD627,757.599286226528
1220,AD628,331.572126179564
1221,AD629,624.958792267239
1222,AD630,402.301064652759
1223,AD631,500.634816848721
1224,AD632,153.842811140883
1225,AD633,107.832304025964
1226,AD634,66.7809367825797
1227,AD635,168.774741094368
1228,AD636,378.374010425951
1229,AD637,188.896785668782
1230,AD638,476.015027171225
1231,AD639,406.699068054875
1232,AD640,197.521831765103
1233,AD641,699.375512302645
1234,AD642,648.366549840732
1235,AD643,562.699872153247
1236,AD644,96.7869604677815
1237,AD645,725.575783427514
1238,AD646,862.034458759381
1239,AD647,161.873565322056
1240,AD648,523.596747447334
1241,AD649,247.392723031698
1242,AD650,401.778756347718
1243,AD651,1149.62093703287
1244,AD652,639.878138335716
1245,AD653,398.344003168925
1246,AD654,485.094140012684
1247,AD655,332.227689669089
1248,AD656,729.451167761013
1249,AD657,868.182846209598
1250,AD658,240.418485006811
1251,AD659,1422.10601457058
1252,AD660,246.865379892756
1253,AD661,1313.89262061201
1254,AD662,294.034919501064
1255,AD663,143.38055728925
1256,AD664,333.936999697872
1257,AD665,191.703693610945
1258,AD666,379.746310811002
1259,AD667,287.076429821315
1260,AD668,337.933846885701
1261,AD669,314.382363155789
1262,AD670,1440.1762860153
1263,AD671,664.026028605223
1264,AD672,612.549333474015
1265,AD673,994.857438834409
1266,AD674,454.943262870579
1267,AD675,279.625610915091
1268,AD676,1006.48473754575
1269,AD677,463.329601869383
1270,AD678,621.485849899655
1271,AD679,73.0237388589373
1272,AD680,965.088464447608
1273,AD681,1811.45187639834
1274,AD682,636.75682220938
1275,AD683,928.142925781744
1276,AD684,336.827142912551
1277,AD685,1665.08597184789
1278,AD686,1264.47247333031
1279,AD687,415.302692413436
1280,AD688,1725.35146479697
1281,AD689,405.695394713332
1282,AD690,404.823457858872
1283,AD691,1047.13833450251
1284,AD692,402.531868472963
1285,AD693,78.2828211034156
1286,AD694,61.6457273001299
1287,AD695,693.729573184239
1288,AD696,845.694908309175
1289,AD697,396.502774908347
1290,AD698,937.866491299325
1291,AD699,743.270021137835
1292,AD700,162.793653283258
1293,AD701,937.976362785874
1294,AD702,1007.07391842094
1295,AD703,589.010282407072
1296,AD704,383.063994408825
1297,AD705,174.166623309016
1298,AD706,176.001674431115
1299,AD707,820.910248623432
1300,AD708,742.087163694879
1301,AD709,491.951347175
1302,AD710,109.695616594263
1303,AD711,491.951347175
1304,AD712,512.182498729069
1305,AD713,167.253745297613
1306,AD714,19.7273598638405
1307,AD715,226.381734739042
1308,AD716,508.895245634399
1309,AD717,220.697924723328
1310,AD718,455.880992439403
1311,AD719,969.496677329657
1312,AD720,90.433560264421
1313,AD721,295.894315756852
1314,AD722,743.916273680245
1315,AD723,192.352638049844
1316,AD724,537.322199431845
1317,AD725,454.863819539723
1318,AD726,476.588325281444
1319,AD727,1407.80732394025
1320,AD728,887.634224991854
1321,AD729,816.171483695384
1322,AD730,983.270431716068
1323,AD731,438.158153008499
1324,AD732,247.343614368365
1325,AD733,587.028697407371
1326,AD734,401.781924373149
1327,AD735,649.098607820164
1328,AD736,586.155473070027
1329,AD737,1277.9440888141
1330,AD738,366.646112711958
1331,AD739,889.699615784184
1332,AD740,491.514181206607
1333,AD741,169.598468537327
1334,AD742,876.896781000556
1335,AD743,476.396298378309
1336,AD744,1380.83771410974
1337,AD745,91.7669464848417
1338,AD746,78.268033635653
1339,AD747,1225.79569510727
1340,AD748,954.919481617973
1341,AD749,692.776725842893
1342,AD750,303.368616617156
1343,AD751,1133.38135784724
1344,AD752,151.888046336029
1345,AD753,59.0682370394697
1346,AD754,843.381236803805
1347,AD755,402.824155845103
1348,AD756,403.438032698924
1349,AD757,818.387624809549
1350,AD758,715.711484091134
1351,AD759,702.624760856389
1352,AD760,68.7153943505301
1353,AD761,1189.58533488059
1354,AD762,721.461758632188
1355,AD763,586.818352424723
1356,AD764,185.853679567831
1357,AD765,112.103870643373
1358,AD766,401.034841358622
1359,AD767,251.614135948046
1360,AD768,167.253745297613
1361,AD769,43.0120776156185
1362,AD770,319.580741350815
1363,AD771,69.8141519434749
1364,AD772,270.242477406872
1365,AD773,290.985142711885
1366,AD774,1354.57231859181
1367,AD775,235.687166040515
1368,AD776,948.540618957136
1369,AD777,592.540722302275
1370,AD778,682.208067157071
1371,AD779,647.096240534792
1372,AD780,774.7642877287
1373,AD781,471.493143510688
1374,AD782,542.749433503344
1375,AD783,507.846293091251
1376,AD784,498.88817825743
1377,AD785,78.7896503257758
1378,AD786,347.237355732948
1379,AD787,327.485455350958
1380,AD788,301.653829302808
1381,AD789,842.444711043636
1382,AD790,203.935207242482
1383,AD791,1054.31436683031
1384,AD792,1130.84931771463
1385,AD793,1765.89229233252
1386,AD794,477.140198453639
1387,AD795,1105.05509345021
1388,AD796,715.361991631818
1389,AD797,1231.3368728746
1390,AD798,208.198137498802
1391,AD799,242.524617312042
1392,AD800,1469.01490408666
1393,AD801,1318.78059857251
1394,AD802,287.489886033043
1395,AD803,740.273029528221
1396,AD804,171.190718762743
1397,AD805,924.878662631507
1398,AD806,148.703277002658
1399,AD807,1129.53556513666
1400,AD808,314.450835123907
1401,AD809,372.737738090279
1402,AD810,339.54510887515
1403,AD811,165.037036237711
1404,AD812,814.606761307852
1405,AD813,513.358628550464
1406,AD814,1224.4352548955
1407,AD815,270.953186391249
1408,AD816,1666.01889166372
1409,AD817,43.9815507144153
1410,AD818,822.457817113964
1411,AD819,32.4735719212939
1412,AD820,1087.51485677926
1413,AD821,436.328758666378
1414,AD822,889.699615784184
1415,AD823,888.232330720662
1416,AD824,1013.55797317783
1417,AD825,288.83154691951
1418,AD826,321.788189843769
1419,AD827,607.779414838743
1420,AD828,289.78001193902
1421,AD829,549.8377342456
1422,AD830,239.944973228379
1423,AD831,74.6155725715711
1424,AD832,151.691705506542
1425,AD833,341.90553429298
1426,AD834,254.552583417963
1427,AD835,694.760462549579
1428,AD836,196.413463391839
1429,AD837,677.869939077499
1430,AD838,646.85435352834
1431,AD839,1652.23176691009
1432,AD840,357.275541110172
1433,AD841,414.411969962162
1434,AD842,182.412804631943
1435,AD843,711.376399792744
1436,AD844,912.68739338261
1437,AD845,565.572500904124
1438,AD846,566.620516094966
1439,AD847,483.466846862884
1440,AD848,369.670850240807
1441,AD849,1045.85777068257
1442,AD850,167.331774054635
1443,AD851,599.123341747005
1444,AD852,184.129069879001
1445,AD853,461.606732315981
1446,AD854,983.270431716068
1447,AD855,211.064136514903
1448,AD856,1289.77172530682
1449,AD857,314.382363155789
1450,AD858,94.1708739736644
1451,AD859,749.521042034318
1452,AD860,1611.72736244514
1453,AD861,374.570094475537
1454,AD862,491.514181206607
1455,AD863,1351.14325466078
1456,AD864,70.5634412628872
1457,AD865,619.191607049851
1458,AD866,986.431347462565
1459,AD867,186.080535523327
1460,AD868,244.752522879414
1461,AD869,785.899228243612
1462,AD870,1382.76743889389
1463,AD871,574.172547000282
1464,AD872,422.455689397579
1465,AD873,193.458258912802
1466,AD874,616.251264691897
1467,AD875,169.787587360289
1468,AD876,82.6071432442006
1469,AD877,1475.62533802652
1470,AD878,357.143964135081
1471,AD879,461.257665072448
1472,AD880,806.100229085387
1473,AD881,194.952764486561
1474,AD882,617.804872274997
1475,AD883,1698.99363607563
1476,AD884,395.353842812179
1477,AD885,968.016500959298
1478,AD886,290.728827487718
1479,AD887,583.558789728936
1480,AD888,539.381074321185
1481,AD889,485.999564739264
1482,AD890,392.664841877842
1483,AD891,312.311890051463
1484,AD892,662.388581226246
1485,AD893,129.445395010399
1486,AD894,585.185061151313
1487,AD895,1155.70200245477
1488,AD896,592.977839787618
1489,AD897,845.694908309175
1490,AD898,340.154217748933
1491,AD899,1076.03160655619
1492,AD900,447.83131751343
1493,AD901,189.892199633102
1494,AD902,386.954265861221
1495,AD903,406.699068054875
1496,AD904,141.956507386107
1497,AD905,1374.95966640443
1498,AD906,1057.98310762992
1499,AD907,750.472780640917
1500,AD908,1578.36637925134
1501,AD909,212.940759498248
1502,AD910,370.959376161688
1503,AD911,508.73326335334
1504,AD912,456.346716749741
1505,AD913,1402.09658649455
1506,AD914,912.748555466753
1507,AD915,990.132289074039
1508,AD916,76.5185102724489
1509,AD917,325.538204244888
1510,AD918,254.602973453934
1511,AD919,647.264596774857
1512,AD920,335.492713531749
1513,AD921,81.7424995188855
1514,AD922,937.752605103316
1515,AD923,1210.00353006833
1516,AD924,889.382954561666
1517,AD925,51.5175514202653
1518,AD926,632.459669924412
1519,AD927,488.487089150178
1520,AD928,86.2697454409675
1521,AD929,422.517067616421
1522,AD930,871.111253235775
1523,AD931,474.818971005904
1524,AD932,1631.41454744807
1525,AD933,1125.03790920822
1526,AD934,174.842413285775
1527,AD935,1206.32808946366
1528,AD936,1413.51536279468
1529,AD937,265.991242830922
1530,AD938,141.166496103475
1531,AD939,422.455689397579
1532,AD940,635.680049916669
1533,AD941,983.737667025654
1534,AD942,193.206660875211
1535,AD943,639.335267070151
1536,AD944,175.622143168876
1537,AD945,259.850334460248
1538,AD946,244.39839704723
1539,AD947,1337.00159976956
1540,AD948,368.14232345371
1541,AD949,346.305994701794
1542,AD950,31.8582810633444
1543,AD951,142.443407497033
1544,AD952,315.165712695815
1545,AD953,638.906303757357
1546,AD954,81.2060349054306
1547,AD955,340.154217748933
1548,AD956,560.79631264793
1549,AD957,1383.40111250145
1550,AD958,289.0873487263
1551,AD959,248.716831034749
1552,AD960,1495.72232630316
1553,AD961,793.422048317524
1554,AD962,466.742050078272
1555,AD963,636.582278388
1556,AD964,498.299613121304
1557,AD965,606.52513323573
1558,AD966,806.738580065277
1559,AD967,1132.1048787874
1560,AD968,384.831570941406
1561,AD969,534.588405499345
1562,AD970,289.816999134975
1563,AD971,300.91503606724
1564,AD972,213.935850895233
1565,AD973,1180.3897670075
1566,AD974,383.677641636322
1567,AD975,150.895888003954
1568,AD976,251.175388896697
1569,AD977,190.092492929742
1570,AD978,339.54510887515
1571,AD979,169.598468537327
1572,AD980,118.89754978835
1573,AD981,545.262089472625
1574,AD982,457.426048610471
1575,AD983,248.170115743456
1576,AD984,460.105987896388
1577,AD985,286.424920298139
1578,AD986,532.181290469707
1579,AD987,203.443177270569
1580,AD988,39.2262014900202
1581,AD989,384.777487559055
1582,AD990,398.84816698838
1583,AD991,1161.3549195914
1584,AD992,16.9490637830505
1585,AD993,212.831945727485
1586,AD994,364.124498912473
1587,AD995,153.937948098726
1588,AD996,1139.3490568751
1589,AD997,52.5786123671779
1590,AD998,931.402565803799
1591,AD999,1208.44813454718
1592,AD1000,89.9780525927014
1593,AD1001,202.501363373621
1594,AD1002,133.615895915546
1595,AD1003,499.916284740878
1596,AD1004,242.505152369436
1597,AD1005,268.81719111859
1598,AD1006,358.524387451566
1599,AD1007,485.094140012684
1600,AD1008,325.538204244888
1601,AD1009,249.589041280784
1602,AD1010,1193.56052842495
1603,AD1011,1481.14914218673
1604,AD1012,265.418769815821
1605,AD1013,212.824510960087
1606,AD1014,539.891507285912
1607,AD1015,611.817374479605
1608,AD1016,943.206814791573
1609,AD1017,166.471043116758
1610,AD1018,180.262366243043
1611,AD1019,546.632271833749
1612,AD1020,444.790918664242
1613,AD1021,1709.89416695202
1614,AD1022,445.198818899199
1615,AD1023,1047.13833450251
1616,AD1024,111.403164404689
1617,AD1025,962.661997446731
1618,AD1026,788.591946752498
1619,AD1027,332.565545037566
1620,AD1028,23.3910629141313
1621,AD1029,983.006761248678
1622,AD1030,863.699551534106
1623,AD1031,256.00248822624
1624,AD1032,855.823696992617
1625,AD1033,1350.0870708432
1626,AD1034,743.270021137835
1627,AD1035,186.544117707425
1628,AD1036,1321.40757246992
1629,AD1037,323.731527885785
1630,AD1038,1611.72736244514
1631,AD1039,822.457817113964
1632,AD1040,388.976667665848
1633,AD1041,447.794009988518
1634,AD1042,1114.71010523766
1635,AD1043,1349.27848106942
1636,AD1044,311.986926428444
1637,AD1045,924.034098601731
1638,AD1046,782.367136521947
1639,AD1047,787.227871746995
1640,AD1048,264.468820381597
1641,AD1049,1456.32912739275
1642,AD1050,46.4118117301915
1643,AD1051,288.83154691951
1644,AD1052,362.639757157732
1645,AD1053,153.937948098726
1646,AD1054,1045.08252146836
1647,AD1055,385.865968778376
1648,AD1056,1122.64593186023
1649,AD1057,1413.51536279468
1650,AD1058,1155.86365874019
1651,AD1059,524.18804465046
1652,AD1060,1702.76249265715
1653,AD1061,289.816999134975
1654,AD1062,808.572271303557
1655,AD1063,519.955274577203
1656,AD1064,489.960469037609
1657,AD1065,731.484094503798
1658,AD1066,1529.56084219498
1659,AD1067,835.756165874224
1660,AD1068,82.6309733751933
1661,AD1069,455.144812201558
1662,AD1070,865.985907369983
1663,AD1071,663.908089931584
1664,AD1072,1185.16635884647
1665,AD1073,994.857438834409
1666,AD1074,420.634451827152
1667,AD1075,449.322629968407
1668,AD1076,624.982784224338
1669,AD1077,862.434797469281
1670,AD1078,1155.70200245477
1671,AD1079,1256.90756270797
1672,AD1080,182.063868910937
1673,AD1081,474.885517506446
1674,AD1082,1277.78990323605
1675,AD1083,367.287157039158
1676,AD1084,505.073696041393
1677,AD1085,419.297807217758
1678,AD1086,534.089978526206
1679,AD1087,62.8220743427617
1680,AD1088,712.922324938598
1681,AD1089,127.790249995967
1682,AD1090,1176.05270923178
1683,AD1091,965.073146019611
1684,AD1092,158.715621473037
1685,AD1093,1627.09764784961
1686,AD1094,477.78137522796
1687,AD1095,140.298111684551
1688,AD1096,228.077578812594
1689,AD1097,292.3991322967
1690,AD1098,165.413166058363
1691,AD1099,498.88817825743
1692,AD1100,372.514775517768
1693,AD1101,348.213208154929
1694,AD1102,580.974514494573
1695,AD1103,507.216382491456
1696,AD1104,611.836447440223
1697,AD1105,580.974514494573
1698,AD1106,344.508235036888
1699,AD1107,453.964945238043
1700,AD1108,152.627083605739
1701,AD1109,560.79631264793
1702,AD1110,656.498640052566
1703,AD1111,420.903860455974
1704,AD1112,589.96823092335
1705,AD1113,343.125595699598
1706,AD1114,513.236985758063
1707,AD1115,580.974514494573
1708,AD1116,472.837475581504
1709,AD1117,523.875468682532
1710,AD1118,611.836447440223
1711,AD1119,436.328758666378
1712,AD1120,665.236521025808
1713,AD1121,472.837475581504
1714,AD1122,672.087014962265
1715,AD1123,522.728622145659
1716,AD1124,398.209348048617
1717,AD1125,493.64369577282
1718,AD1126,647.97367547597
1719,AD1127,451.402681426093
1720,AD1128,493.64369577282
1721,AD1129,560.79631264793
1722,AD1130,592.150453019831
1723,AD1131,611.836447440223
1724,AD1132,560.27562714219
1725,AD1133,470.207708558141
1726,AD1134,668.696896448077
1727,AD1135,472.837475581504
1728,AD1136,685.117922139143
1729,AD1137,493.578517340244
1730,AD1138,493.64369577282
1731,AD1139,152.627083605739
1732,AD1140,387.577857952388
1733,AD1141,197.692491206275
1734,AD1142,568.911840915679
1735,AD1143,328.292143056035
1736,AD1144,491.753025163542
1737,AD1145,766.664460725505
1738,AD1146,315.543555774134
1739,AD1147,152.627083605739
1740,AD1148,514.318929022569
1741,AD1149,197.692491206275
1742,AD1150,373.832134164195
1743,AD1151,493.64369577282
1744,AD1152,488.991082429372
1745,AD1153,696.08681083167
1746,AD1154,560.79631264793
1747,AD1155,589.96823092335
1748,AD1156,524.376218962321
1749,AD1157,152.627083605739
1750,AD1158,542.793479246361
1751,AD1159,568.911840915679
1752,AD1160,692.10088869983
1753,AD1161,682.208067157071
1754,AD1162,560.79631264793
1755,AD1163,489.200352943991
1756,AD1164,646.781953403228
1757,AD1165,728.445357149148
1758,AD1166,524.376218962321
1759,AD1167,197.692491206275
1760,AD1168,346.04429364685
1761,AD1169,373.832134164195
1762,AD1170,663.236642725941
1763,AD1171,435.845511660726
1764,AD1172,451.402681426093
1765,AD1173,398.209348048617
1766,AD1174,612.495937361482
1767,AD1175,646.781953403228
1768,AD1176,670.184874944465
1769,AD1177,560.79631264793
1770,AD1178,451.402681426093
1771,AD1179,341.9817058186
1772,AD1180,692.776725842893
1773,AD1181,493.849419625141
1774,AD1182,420.903860455974
1775,AD1183,493.849419625141
1776,AD1184,583.558789728936
1777,AD1185,373.832134164195
1778,AD1186,398.209348048617
1779,AD1187,417.265971489188
1780,AD1188,390.044815847709
1781,AD1189,705.368586965821
1782,AD1190,390.044815847709
1783,AD1191,398.209348048617
1784,AD1192,464.3943478249
1785,AD1193,498.88817825743
1786,AD1194,646.781953403228
1787,AD1195,764.491456559097
1788,AD1196,420.345245895379
1789,AD1197,589.96823092335
1790,AD1198,417.265971489188
1791,AD1199,547.565088626105
1792,AD1200,419.801279904664
1793,AD1201,436.021311105465
1794,AD1202,152.627083605739
1795,AD1203,341.9817058186
1796,AD1204,152.627083605739
1797,AD1205,682.208067157071
1798,AD1206,498.88817825743
1799,AD1207,523.596747447334
1800,AD1208,703.547559448574
1801,AD1209,665.236521025808
1802,AD1210,580.974514494573
1803,AD1211,524.376218962321
1804,AD1212,507.734216259838
1805,AD1213,415.032451333585
1806,AD1214,506.928804119634
1807,AD1215,523.596747447334
1808,AD1216,836.021250289753
1809,AD1217,524.376218962321
1810,AD1218,560.79631264793
1811,AD1219,373.832134164195
1812,AD1220,656.498640052566
1813,AD1221,346.098452847876
1814,AD1222,432.890816128832
1815,AD1223,197.692491206275
1816,AD1224,665.236521025808
1817,AD1225,197.692491206275
1818,AD1226,568.911840915679
1819,AD1227,367.636582393423
1820,AD1228,344.508235036888
1821,AD1229,152.627083605739
1822,AD1230,344.508235036888
1823,AD1231,692.776725842893
1824,AD1232,703.547559448574
1825,AD1233,493.64369577282
1826,AD1234,397.654593966302
1827,AD1235,383.677641636322
1828,AD1236,343.125595699598
1829,AD1237,472.837475581504
1830,AD1238,484.084236710507
1831,AD1239,524.376218962321
1832,AD1240,580.974514494573
1833,AD1241,703.547559448574
1834,AD1242,390.044815847709
1835,AD1243,489.200352943991
1836,AD1244,435.845511660726
1837,AD1245,417.265971489188
1838,AD1246,568.911840915679
1839,AD1247,670.184874944465
1840,AD1248,491.753025163542
1841,AD1249,583.558789728936
1842,AD1250,152.627083605739
1843,AD1251,415.032451333585
1844,AD1252,1132.18480233727
1845,AD1253,160.269403767149
1846,AD1254,1132.18480233727
1847,AD1255,493.64369577282
1848,AD1256,328.292143056035
1849,AD1257,175.893787550804
1850,AD1258,605.799590548496
1851,AD1259,175.893787550804
1852,AD1260,348.213208154929
1853,AD1261,491.753025163542
1854,AD1262,506.928804119634
1855,AD1263,599.651302015901
1856,AD1264,583.558789728936
1857,AD1265,390.044815847709
1858,AD1266,417.265971489188
1859,AD1267,432.890816128832
1860,AD1268,611.836447440223
1861,AD1269,1132.18480233727
1862,AD1270,489.200352943991
1863,AD1271,647.97367547597
1864,AD1272,565.618738287771
1865,AD1273,493.64369577282
1866,AD1274,656.498640052566
1867,AD1275,703.547559448574
1868,AD1276,390.044815847709
1869,AD1277,420.903860455974
1870,AD1278,696.08681083167
1871,AD1279,152.627083605739
1872,AD1280,383.677641636322
1873,AD1281,512.182498729069
1874,AD1282,436.328758666378
1875,AD1283,316.171010687137
1876,AD1284,792.836491247117
1877,AD1285,383.677641636322
1878,AD1286,491.753025163542
1879,AD1287,568.911840915679
1880,AD1288,513.236985758063
1881,AD1289,335.005640664909
1882,AD1290,725.985707891875
1883,AD1291,464.3943478249
1884,AD1292,460.917486695088
1885,AD1293,463.944500921458
1886,AD1294,542.149021660036
1887,AD1295,517.370267114568
1888,AD1296,611.836447440223
1889,AD1297,389.681305249592
1890,AD1298,379.746310811002
1891,AD1299,489.200352943991
1892,AD1300,498.88817825743
1893,AD1301,328.292143056035
1894,AD1302,390.044815847709
1895,AD1303,152.627083605739
1896,AD1304,436.328758666378
1897,AD1305,560.79631264793
1898,AD1306,491.753025163542
1899,AD1307,472.837475581504
1900,AD1308,419.146588086748
1901,AD1309,491.753025163542
1902,AD1310,599.123341747005
1903,AD1311,498.88817825743
1904,AD1312,542.793479246361
1905,AD1313,568.911840915679
1906,AD1314,328.292143056035
1907,AD1315,385.865968778376
1908,AD1316,498.642753981793
1909,AD1317,373.832134164195
1910,AD1318,682.208067157071
1911,AD1319,417.265971489188
1912,AD1320,415.032451333585
1913,AD1321,390.044815847709
1914,AD1322,420.903860455974
1915,AD1323,560.79631264793
1916,AD1324,560.79631264793
1917,AD1325,498.88817825743
1918,AD1326,389.681305249592
1919,AD1327,415.032451333585
1920,AD1328,488.822085432518
1921,AD1329,361.598452219484
1922,AD1330,398.209348048617
1923,AD1331,417.265971489188
1924,AD1332,318.1853244121
1925,AD1333,599.651302015901
1926,AD1334,844.084817436192
1927,AD1335,574.630484171486
1928,AD1336,120.721289366014
1929,AD1337,81.7424995188855
1930,AD1338,115.87667836791
1931,AD1339,401.306838265004
1932,AD1340,455.144812201558
1933,AD1341,1028.94049012014
1934,AD1342,432.918043781623
1935,AD1343,491.753025163542
1936,AD1344,283.128454761777
1937,AD1345,1265.5967734202
1938,AD1346,1475.95772923255
1939,AD1347,845.694908309175
1940,AD1348,198.181929739369
1941,AD1349,127.108958336155
1942,AD1350,716.128205330902
1943,AD1351,250.35580168302
1944,AD1352,434.377822269637
1945,AD1353,388.665167279586
1946,AD1354,37.8392224590751
1947,AD1355,462.084127570475
1948,AD1356,114.508730055209
1949,AD1357,111.552414326888
1950,AD1358,66.6624238472272
1951,AD1359,592.150453019831
1952,AD1360,190.35857732341
1953,AD1361,255.537836158116
1954,AD1362,469.09140275962
1955,AD1363,376.442014262176
1956,AD1364,232.621859543225
1957,AD1365,661.296637124401
1958,AD1366,323.569719792305
1959,AD1367,554.676527275346
1960,AD1368,984.052392851371
1961,AD1369,341.338809768443
1962,AD1370,931.143704056257
1963,AD1371,412.605803151244
1964,AD1372,115.150490315783
1965,AD1373,737.271909739373
1966,AD1374,105.195669436335
1967,AD1375,1045.85777068257
1968,AD1376,488.861275579456
1969,AD1377,1189.10403195442
1970,AD1378,1175.89249165843
1971,AD1379,398.378201020267
1972,AD1380,140.198590747472
1973,AD1381,481.192320865554
1974,AD1382,146.011205282466
1975,AD1383,316.267648318953
1976,AD1384,1216.62524318301
1977,AD1385,95.5982379664031
1978,AD1386,1874.27557039176
1979,AD1387,401.598907142804
1980,AD1388,364.209196305591
1981,AD1389,647.264596774857
1982,AD1390,542.070154032646
1983,AD1391,814.147778631573
1984,AD1392,522.521025564594
1985,AD1393,911.086822102592
1986,AD1394,442.153528428525
1987,AD1395,1435.01561658784
1988,AD1396,281.66307979743
1989,AD1397,30.1203903239134
1990,AD1398,80.845880396346
1991,AD1399,858.499517714139
1992,AD1400,1617.20657594724
1993,AD1401,1095.84151221766
1994,AD1402,340.212138978778
1995,AD1403,861.323079045603
1996,AD1404,153.803663024465
1997,AD1405,1308.75391498518
1998,AD1406,270.531234019221
1999,AD1407,133.990807919714
2000,AD1408,676.798020014818
2001,AD1409,1495.48924500523
2002,AD1410,357.70620643927
2003,AD1411,133.037102403288
2004,AD1412,756.359085436568
2005,AD1413,127.015566635883
2006,AD1414,134.713904633616
2007,AD1415,179.575102271967
2008,AD1416,951.149716564308
2009,AD1417,348.192542916729
2010,AD1418,1447.97774620956
2011,AD1419,132.594151187503
2012,AD1420,351.843261124655
2013,AD1421,163.930730436349
2014,AD1422,393.344611790704
2015,AD1423,899.380777159685
2016,AD1424,99.4310478990091
2017,AD1425,889.699615784184
2018,AD1426,693.418552881743
2019,AD1427,402.531868472963
2020,AD1428,73.0237388589373
2021,AD1429,1346.88430177986
2022,AD1430,1384.65552223554
2023,AD1431,1146.68259754168
2024,AD1432,316.72981923798
2025,AD1433,1620.88577232788
2026,AD1434,133.659658020865
2027,AD1435,1045.63819179505
2028,AD1436,365.285973142088
2029,AD1437,612.495937361482
2030,AD1438,318.656001728313
2031,AD1439,298.505667673271
2032,AD1440,59.0682370394697
2033,AD1441,535.610672429142
2034,AD1442,638.605480440344
2035,AD1443,586.818352424723
2036,AD1444,210.234204898573
2037,AD1445,1922.15348108027
2038,AD1446,402.217188347082
2039,AD1447,1496.95872032021
2040,AD1448,315.165712695815
2041,AD1449,175.197789299506
2042,AD1450,80.6013073239246
2043,AD1451,218.118609729799
2044,AD1452,402.527273908602
2045,AD1453,180.262366243043
2046,AD1454,1608.98615473815
2047,AD1455,700.584827466285
2048,AD1456,362.639757157732
2049,AD1457,335.005640664909
2050,AD1458,364.124498912473
2051,AD1459,186.517088050081
2052,AD1460,303.368616617156
2053,AD1461,1567.81935271617
2054,AD1462,376.932289131697
2055,AD1463,168.699652981396
2056,AD1464,902.919599855965
2057,AD1465,74.7944153041214
2058,AD1466,75.7957493925411
2059,AD1467,126.258089778821
2060,AD1468,62.3256071270327
2061,AD1469,577.274496399587
2062,AD1470,615.38315780268
2063,AD1471,307.06547678754
2064,AD1472,470.556375828065
2065,AD1473,23.3910629141313
2066,AD1474,857.115791409866
2067,AD1475,560.27562714219
2068,AD1476,1204.87285913444
2069,AD1477,992.788340869267
2070,AD1478,360.368436376287
2071,AD1479,383.677641636322
2072,AD1480,1079.59241009329
2073,AD1481,289.816999134975
2074,AD1482,161.636557441412
2075,AD1483,189.830021326488
2076,AD1484,454.582039302497
2077,AD1485,162.781027705057
2078,AD1486,110.042748549097
2079,AD1487,576.873781661607
2080,AD1488,679.347425697444
2081,AD1489,43.9815507144153
2082,AD1490,440.195946133684
2083,AD1491,333.30650815245
2084,AD1492,862.282952457597
2085,AD1493,1177.90955935505
2086,AD1494,556.641105772356
2087,AD1495,135.393815491216
2088,AD1496,1398.95797844429
2089,AD1497,423.501389688783
2090,AD1498,101.226728857475
2091,AD1499,527.113675434707
2092,AD1500,598.885273545554
2093,AD1501,88.445275250869
2094,AD1502,1453.04205225829
2095,AD1503,223.533884861725
2096,AD1504,752.533726275983
2097,AD1505,1001.13185719189
2098,AD1506,148.367893965912
2099,AD1507,618.526901004701
2100,AD1508,654.586227824272
2101,AD1509,110.933121030719
2102,AD1510,954.919481617973
2103,AD1511,503.498595356468
2104,AD1512,458.165764614879
2105,AD1513,401.034841358622
2106,AD1514,986.431347462565
2107,AD1515,641.178829593581
2108,AD1516,722.156851661942
2109,AD1517,1765.89229233252
2110,AD1518,100.270740641656
2111,AD1519,360.521283886924
2112,AD1520,360.368436376287
2113,AD1521,104.106987300332
2114,AD1522,102.293181433609
2115,AD1523,664.202524910005
2116,AD1524,568.911840915679
2117,AD1525,329.230758868555
2118,AD1526,269.982070027847
2119,AD1527,519.217588822974
2120,AD1528,1296.84993430263
2121,AD1529,1827.20539472103
2122,AD1530,365.611971210695
2123,AD1531,316.597103063349
2124,AD1532,1376.37558631329
2125,AD1533,72.0221253777669
2126,AD1534,271.765784436882
2127,AD1535,528.842465692778
2128,AD1536,367.636582393423
2129,AD1537,1155.92732568655
2130,AD1538,56.5476500270845
2131,AD1539,447.83131751343
2132,AD1540,1333.03578742498
2133,AD1541,770.743305117638
2134,AD1542,199.689297012592
2135,AD1543,281.66307979743
2136,AD1544,67.951972938294
2137,AD1545,611.111355339446
2138,AD1546,937.752605103316
2139,AD1547,235.599213509196
2140,AD1548,65.7741498176333
2141,AD1549,691.845073517517
2142,AD1550,696.08681083167
2143,AD1551,157.999407637599
2144,AD1552,159.492938407201
2145,AD1553,565.618738287771
2146,AD1554,331.960009374198
2147,AD1555,646.693286643561
2148,AD1556,78.2462240811041
2149,AD1557,405.214597356451
2150,AD1558,883.51409959917
2151,AD1559,147.128307634367
2152,AD1560,475.254030115798
2153,AD1561,818.425817867067
2154,AD1562,1617.20657594724
2155,AD1563,389.948535765424
2156,AD1564,575.313783608249
2157,AD1565,887.634224991854
2158,AD1566,149.896157802484
2159,AD1567,204.794504396276
2160,AD1568,1173.44841278613
2161,AD1569,27.3263864799058
2162,AD1570,1337.00159976956
2163,AD1571,753.798219062328
2164,AD1572,951.266649083635
2165,AD1573,1293.03803521249
2166,AD1574,212.066214676371
2167,AD1575,686.199227300797
2168,AD1576,149.751887103357
2169,AD1577,99.6372499942066
2170,AD1578,866.291910000848
2171,AD1579,68.185710266099
2172,AD1580,220.526619242003
2173,AD1581,473.168426836918
2174,AD1582,253.416578382934
2175,AD1583,1641.98018585698
2176,AD1584,402.222492510639
2177,AD1585,104.785931491478
2178,AD1586,193.015227409637
2179,AD1587,715.361991631818
2180,AD1588,244.084567402251
2181,AD1589,309.504668726683
2182,AD1590,212.305318225583
2183,AD1591,295.894315756852
2184,AD1592,1071.92632449026
2185,AD1593,207.788218088762
2186,AD1594,323.731527885785
2187,AD1595,164.343412921131
2188,AD1596,387.577857952388
2189,AD1597,102.082703235785
2190,AD1598,411.047850998961
2191,AD1599,409.531592198538
2192,AD1600,136.85065341941
2193,AD1601,68.185710266099
2194,AD1602,216.788817479117
2195,AD1603,311.607843343813
2196,AD1604,97.1126991596383
2197,AD1605,668.512236104398
2198,AD1606,1742.21924453265
2199,AD1607,460.61602823555
2200,AD1608,252.999504004079
2201,AD1609,1239.11351689016
2202,AD1610,273.670435100476
2203,AD1611,73.7933267091162
2204,AD1612,306.874293784806
2205,AD1613,839.836183444128
2206,AD1614,1871.80986082927
2207,AD1615,1141.87572041023
2208,AD1616,259.682227829861
2209,AD1617,270.921813096754
2210,AD1618,439.158895764745
2211,AD1619,683.486466921004
2212,AD1620,153.960508922744
2213,AD1621,194.952764486561
2214,AD1622,330.899075440508
2215,AD1623,314.450835123907
2216,AD1624,1502.00720782974
2217,AD1625,1248.36510117237
2218,AD1626,207.571782466507
2219,AD1627,757.369554276538
2220,AD1628,351.969804574651
2221,AD1629,383.806704462324
2222,AD1630,250.614809009455
2223,AD1631,478.216596866791
2224,AD1632,206.543441439814
2225,AD1633,1760.80084128257
2226,AD1634,259.850334460248
2227,AD1635,1109.88082527427
2228,AD1636,247.343614368365
2229,AD1637,1234.68026413488
2230,AD1638,135.415875125257
2231,AD1639,323.731527885785
2232,AD1640,331.675708484745
2233,AD1641,377.282098107488
2234,AD1642,264.449956232971
2235,AD1643,820.485056054405
2236,AD1644,451.402681426093
2237,AD1645,537.377635836758
2238,AD1646,341.90553429298
2239,AD1647,327.485455350958
2240,AD1648,1007.03361070051
2241,AD1649,1286.27787547557
2242,AD1650,218.202203642334
2243,AD1651,356.706147276876
2244,AD1652,647.264596774857
2245,AD1653,1108.54838204711
2246,AD1654,43.622833288028
2247,AD1655,244.625190328548
2248,AD1656,50.4224833585856
2249,AD1657,460.206668461551
2250,AD1658,133.509954533227
2251,AD1659,1161.3549195914
2252,AD1660,952.426264627855
2253,AD1661,1612.38445605451
2254,AD1662,409.531592198538
2255,AD1663,288.750108730174
2256,AD1664,117.836643365068
2257,AD1665,378.04229083169
2258,AD1666,165.240190364874
2259,AD1667,279.63437257186
2260,AD1668,55.6589470339112
2261,AD1669,79.0280517970121
2262,AD1670,875.248945698345
2263,AD1671,1502.00720782974
2264,AD1672,290.781540740442
2265,AD1673,170.033753796301
2266,AD1674,1032.36181652739
2267,AD1675,227.621544284918
2268,AD1676,232.621859543225
2269,AD1677,1347.51753164468
2270,AD1678,509.682320910653
2271,AD1679,292.264533136564
2272,AD1680,1210.19532356458
2273,AD1681,133.509954533227
2274,AD1682,958.649902685979
2275,AD1683,1266.03862010222
2276,AD1684,532.579402665979
2277,AD1685,101.226728857475
2278,AD1686,760.235977237091
2279,AD1687,120.557914418205
2280,AD1688,743.459580754572
2281,AD1689,596.366999131228
2282,AD1690,1189.10403195442
2283,AD1691,1529.56084219498
2284,AD1692,809.870535477089
2285,AD1693,418.964698257213
2286,AD1694,138.232262583551
2287,AD1695,214.117583342289
2288,AD1696,233.882065478687
2289,AD1697,800.845779418293
2290,AD1698,287.662575260495
2291,AD1699,89.0327837022704
2292,AD1700,1533.54907710966
2293,AD1701,151.888046336029
2294,AD1702,187.0053766185
2295,AD1703,396.502774908347
2296,AD1704,378.776890713328
2297,AD1705,686.653997577999
2298,AD1706,72.7863508065528
2299,AD1707,814.147778631573
2300,AD1708,1186.64253565978
2301,AD1709,560.27562714219
2302,AD1710,253.791751955169
2303,AD1711,544.637908357218
2304,AD1712,207.739856631014
2305,AD1713,144.541572420575
2306,AD1714,442.838102107436
2307,AD1715,488.861275579456
2308,AD1716,271.213938175691
2309,AD1717,525.752293712244
2310,AD1718,181.241744326219
2311,AD1719,34.587964363998
2312,AD1720,1125.586086709
2313,AD1721,895.221274793585
2314,AD1722,562.471061331243
2315,AD1723,296.904635061113
2316,AD1724,290.781540740442
2317,AD1725,152.430872306919
2318,AD1726,42.8422973112571
2319,AD1727,750.33621974667
2320,AD1728,1092.98636570826
2321,AD1729,144.924422734036
2322,AD1730,937.752605103316
2323,AD1731,258.961198925046
2324,AD1732,348.854434682519
2325,AD1733,513.236985758063
2326,AD1734,277.3834093176
2327,AD1735,437.619396426402
2328,AD1736,937.804566960188
2329,AD1737,361.612531676206
2330,AD1738,1060.87257632839
2331,AD1739,31.8582810633444
2332,AD1740,186.068376757014
2333,AD1741,91.7669464848417
2334,AD1742,134.473087813293
2335,AD1743,437.378728377198
2336,AD1744,1613.44380562498
2337,AD1745,1289.04512057932
2338,AD1746,854.71958481237
2339,AD1747,639.878138335716
2340,AD1748,1398.52589193058
2341,AD1749,1247.78633291104
2342,AD1750,969.496677329657
2343,AD1751,304.435661733486
2344,AD1752,1022.13794256952
2345,AD1753,1685.748231629
2346,AD1754,123.710475024348
2347,AD1755,80.5285627817271
2348,AD1756,32.0980208695448
2349,AD1757,1386.59047768268
2350,AD1758,1219.82169356512
2351,AD1759,138.81570753345
2352,AD1760,228.4417195487
2353,AD1761,689.350151586262
2354,AD1762,212.940759498248
2355,AD1763,265.418769815821
2356,AD1764,281.346195423486
2357,AD1765,636.582278388
2358,AD1766,218.079232889578
2359,AD1767,1288.99203973354
2360,AD1768,888.08967137228
2361,AD1769,350.837459659324
2362,AD1770,481.903377198394
2363,AD1771,110.845870900089
2364,AD1772,458.696230090722
2365,AD1773,385.88238979162
2366,AD1774,36.6065606361832
2367,AD1775,1613.06124374092
2368,AD1776,1567.81935271617
2369,AD1777,668.528447014219
2370,AD1778,270.921813096754
2371,AD1779,300.264861770325
2372,AD1780,1274.69830051731
2373,AD1781,863.022928146624
2374,AD1782,1089.10351508532
2375,AD1783,193.374326488288
2376,AD1784,287.945722467102
2377,AD1785,925.891601318996
2378,AD1786,34.2393718810329
2379,AD1787,148.367893965912
2380,AD1788,97.9845126366274
2381,AD1789,151.888046336029
2382,AD1790,289.78001193902
2383,AD1791,1471.57574359316
2384,AD1792,1153.81130340533
2385,AD1793,123.968713140825
2386,AD1794,63.7274626422311
2387,AD1795,824.111327879608
2388,AD1796,169.546511431103
2389,AD1797,937.976362785874
2390,AD1798,76.7778351362874
2391,AD1799,558.451035373494
2392,AD1800,55.6589470339112
2393,AD1801,552.000814638566
2394,AD1802,1245.34450016526
2395,AD1803,87.0737730129522
2396,AD1804,95.396926021178
2397,AD1805,1384.81102503548
2398,AD1806,559.76929834555
2399,AD1807,239.353723704631
2400,AD1808,680.942105907251
2401,AD1809,141.166496103475
2402,AD1810,273.857135400114
2403,AD1811,937.804566960188
2404,AD1812,565.572500904124
2405,AD1813,481.156954188772
2406,AD1814,1050.064951021
2407,AD1815,139.630484293258
2408,AD1816,685.117922139143
2409,AD1817,656.498640052566
2410,AD1818,314.450835123907
2411,AD1819,523.596747447334
2412,AD1820,29.1452418079111
2413,AD1821,607.444569449964
2414,AD1822,138.81570753345
2415,AD1823,1018.02138844985
2416,AD1824,1745.52150351495
2417,AD1825,1652.23176691009
2418,AD1826,755.393652131948
2419,AD1827,992.788340869267
2420,AD1828,356.419897717329
2421,AD1829,973.005408868808
2422,AD1830,165.413166058363
2423,AD1831,272.34041307874
2424,AD1832,86.8275631669451
2425,AD1833,957.62767481024
2426,AD1834,917.704102124111
2427,AD1835,1012.89833749752
2428,AD1836,244.39839704723
2429,AD1837,564.011334331123
2430,AD1838,417.265971489188
2431,AD1839,1154.74696857637
2432,AD1840,420.634451827152
2433,AD1841,522.518334259968
2434,AD1842,358.747344779113
2435,AD1843,40.275767406837
2436,AD1844,503.213513514573
2437,AD1845,505.811812776262
2438,AD1846,539.386564913229
2439,AD1847,1832.7793555326
2440,AD1848,1446.12912264212
2441,AD1849,277.712930792691
2442,AD1850,43.2172322000417
2443,AD1851,69.8141519434749
2444,AD1852,29.1452418079111
2445,AD1853,755.393652131948
2446,AD1854,215.494551932866
2447,AD1855,231.496105611964
2448,AD1856,110.696724409837
2449,AD1857,264.06937433936
2450,AD1858,1079.59241009329
2451,AD1859,774.7642877287
2452,AD1860,391.112342362847
2453,AD1861,1031.87905513151
2454,AD1862,694.475378119321
2455,AD1863,391.401966844712
2456,AD1864,1147.54244703959
2457,AD1865,1105.25754058867
2458,AD1866,606.832484530687
2459,AD1867,771.294950551399
2460,AD1868,822.379402066665
2461,AD1869,139.630484293258
2462,AD1870,557.494258294245
2463,AD1871,703.010617724539
2464,AD1872,308.601783495801
2465,AD1873,402.217188347082
2466,AD1874,176.388596808485
2467,AD1875,715.674245377964
2468,AD1876,189.743750878769
2469,AD1877,347.21794415984
2470,AD1878,391.845616404472
2471,AD1879,223.499302712159
2472,AD1880,628.688806944565
2473,AD1881,290.781540740442
2474,AD1882,516.242867136957
2475,AD1883,112.778589308155
2476,AD1884,542.90926602666
2477,AD1885,61.6884893655397
2478,AD1886,809.89683095114
2479,AD1887,1427.00009848899
2480,AD1888,207.395020849377
2481,AD1889,65.670690339485
2482,AD1890,91.9380160186719
2483,AD1891,1277.78990323605
2484,AD1892,261.096261454341
2485,AD1893,652.573092900204
2486,AD1894,198.364107016999
2487,AD1895,438.158153008499
2488,AD1896,990.989244859391
2489,AD1897,102.135352952608
2490,AD1898,232.621859543225
2491,AD1899,308.258013762232
2492,AD1900,709.407713952873
2493,AD1901,170.971871513225
2494,AD1902,1453.04205225829
2495,AD1903,61.6457273001299
2496,AD1904,568.911840915679
2497,AD1905,1212.32100357897
2498,AD1906,1045.85777068257
2499,AD1907,1015.5631224663
2500,AD1908,784.082469021948
2501,AD1909,149.751887103357
2502,AD1910,1501.94956241312
2503,AD1911,368.820774835369
2504,AD1912,552.533494806447
2505,AD1913,101.515301606891
2506,AD1914,85.592840068702
2507,AD1915,342.712690427787
2508,AD1916,661.439204729175
2509,AD1917,1784.08482502885
2510,AD1918,1153.81130340533
2511,AD1919,120.547044213973
2512,AD1920,46.7226457563302
2513,AD1921,673.305368217988
2514,AD1922,542.793479246361
2515,AD1923,954.610841538075
2516,AD1924,133.509954533227
2517,AD1925,491.951347175
2518,AD1926,227.093027727369
2519,AD1927,136.91989010436
2520,AD1928,491.753025163542
2521,AD1929,896.626742747264
2522,AD1930,102.020991419805
2523,AD1931,234.452893542278
2524,AD1932,683.094795747706
2525,AD1933,233.959382412218
2526,AD1934,982.019352916648
2527,AD1935,757.944793588468
2528,AD1936,476.396298378309
2529,AD1937,498.975604724331
2530,AD1938,888.232330720662
2531,AD1939,67.6448892666912
2532,AD1940,1216.68326916354
2533,AD1941,289.877003952364
2534,AD1942,68.1795071136034
2535,AD1943,1511.118998849
2536,AD1944,394.258153102462
2537,AD1945,138.995835442906
2538,AD1946,159.483353771496
2539,AD1947,333.936999697872
2540,AD1948,485.094140012684
2541,AD1949,22.9161798031565
2542,AD1950,1204.87285913444
2543,AD1951,758.426749452002
2544,AD1952,390.63620045734
2545,AD1953,388.665167279586
2546,AD1954,1247.86334780144
2547,AD1955,360.368436376287
2548,AD1956,1336.32592903304
2549,AD1957,137.451007137404
2550,AD1958,46.7502928123146
2551,AD1959,261.351731560001
2552,AD1960,414.73917404806
2553,AD1961,1131.18872463153
2554,AD1962,28.9959997655479
2555,AD1963,304.154764309281
2556,AD1964,221.927424994602
2557,AD1965,709.407713952873
2558,AD1966,1054.31436683031
2559,AD1967,705.378323633434
2560,AD1968,108.048138395621
2561,AD1969,170.217299186624
2562,AD1970,1061.03457122478
2563,AD1971,75.7957493925411
2564,AD1972,42.0831442830976
2565,AD1973,137.97354793039
2566,AD1974,250.860424502808
2567,AD1975,152.761203989967
2568,AD1976,448.121248551322
2569,AD1977,1108.54838204711
2570,AD1978,122.220942465662
2571,AD1979,72.0221253777669
2572,AD1980,248.019320958989
2573,AD1981,438.158153008499
2574,AD1982,507.290675718372
2575,AD1983,531.408619825466
2576,AD1984,635.387524052518
2577,AD1985,723.634878501101
2578,AD1986,128.858723250169
2579,AD1987,836.644956774367
2580,AD1988,1105.25754058867
2581,AD1989,1267.0228986603
2582,AD1990,635.387524052518
2583,AD1991,663.236642725941
2584,AD1992,703.812448615705
2585,AD1993,554.676527275346
2586,AD1994,325.269730444833
2587,AD1995,186.756605224801
2588,AD1996,333.847928457797
2589,AD1997,23.3910629141313
2590,AD1998,1301.41705117276
2591,AD1999,454.943262870579
2592,AD2000,67.951972938294
2593,AD2001,545.262089472625
2594,AD2002,265.516923254676
2595,AD2003,329.629984235423
2596,AD2004,228.4417195487
2597,AD2005,632.113005672224
2598,AD2006,78.268033635653
2599,AD2007,774.7642877287
2600,AD2008,233.959382412218
2601,AD2009,460.61602823555
2602,AD2010,500.869063022808
2603,AD2011,1058.32787310479
2604,AD2012,1151.3234403729
2605,AD2013,813.449811930622
2606,AD2014,1267.11460971991
2607,AD2015,140.298111684551
2608,AD2016,23.3910629141313
2609,AD2017,271.604626148225
2610,AD2018,1708.69099881677
2611,AD2019,258.876903221188
2612,AD2020,389.365971842812
2613,AD2021,599.123341747005
2614,AD2022,750.33621974667
2615,AD2023,1161.3549195914
2616,AD2024,546.432288032759
2617,AD2025,628.87727702938
2618,AD2026,926.328560237871
2619,AD2027,176.047613119743
2620,AD2028,171.682115319871
2621,AD2029,560.79631264793
2622,AD2030,97.4017041846583
2623,AD2031,446.126123994442
2624,AD2032,622.262389459724
2625,AD2033,812.421250554332
2626,AD2034,770.743305117638
2627,AD2035,637.765691591207
2628,AD2036,1453.04205225829
2629,AD2037,39.7104802318792
2630,AD2038,620.388896463666
2631,AD2039,474.748176263788
2632,AD2040,81.0750572745488
2633,AD2041,399.749330883209
2634,AD2042,550.221376744138
2635,AD2043,474.818971005904
2636,AD2044,104.207664439741
2637,AD2045,134.309848668205
2638,AD2046,227.020761979799
2639,AD2047,201.03473769307
2640,AD2048,564.011334331123
2641,AD2049,316.267648318953
2642,AD2050,1232.56868367976
2643,AD2051,350.7280966233
2644,AD2052,240.920528287418
2645,AD2053,182.90666555114
2646,AD2054,725.985707891875
2647,AD2055,564.011334331123
2648,AD2056,339.969203773979
2649,AD2057,1151.3234403729
2650,AD2058,271.869968440393
2651,AD2059,449.807094042198
2652,AD2060,77.7342509885833
2653,AD2061,683.094795747706
2654,AD2062,253.604128930743
2655,AD2063,969.842731019316
2656,AD2064,954.610841538075
2657,AD2065,715.674245377964
2658,AD2066,86.8275631669451
2659,AD2067,1347.51753164468
2660,AD2068,416.553625549618
2661,AD2069,455.309245709935
2662,AD2070,138.995835442906
2663,AD2071,994.825437321325
2664,AD2072,1337.30167384931
2665,AD2073,173.5642427602
2666,AD2074,635.459402156925
2667,AD2075,1132.13919078712
2668,AD2076,1224.6769224882
2669,AD2077,986.431347462565
2670,AD2078,185.420370405073
2671,AD2079,783.845503893783
2672,AD2080,500.963071814671
2673,AD2081,856.103758405153
2674,AD2082,68.8788857599716
2675,AD2083,411.266538144309
2676,AD2084,1728.27788474534
2677,AD2085,378.995156729017
2678,AD2086,606.918409063872
2679,AD2087,573.395286381223
2680,AD2088,537.322199431845
2681,AD2089,580.908612423182
2682,AD2090,46.7502928123146
2683,AD2091,606.08551949877
2684,AD2092,226.721275627699
2685,AD2093,325.538204244888
2686,AD2094,351.843261124655
2687,AD2095,304.435661733486
2688,AD2096,328.292143056035
2689,AD2097,503.307541368836
2690,AD2098,753.798219062328
2691,AD2099,298.941121636708
2692,AD2100,471.493143510688
2693,AD2101,1310.29650476005
2694,AD2102,956.250852272073
2695,AD2103,848.496674113778
2696,AD2104,109.40625613802
2697,AD2105,402.025127920313
2698,AD2106,656.498640052566
2699,AD2107,268.81719111859
2700,AD2108,288.83154691951
2701,AD2109,320.549585939467
2702,AD2110,207.739856631014
2703,AD2111,857.115791409866
2704,AD2112,796.18540286534
2705,AD2113,1247.86334780144
2706,AD2114,10.5734818791689
2707,AD2115,925.58180113807
2708,AD2116,1139.3490568751
2709,AD2117,408.815358061362
2710,AD2118,416.182744326753
2711,AD2119,408.749446485125
2712,AD2120,149.7010534099
2713,AD2121,72.7863508065528
2714,AD2122,751.891885761747
2715,AD2123,693.717527585467
2716,AD2124,1187.93739179982
2717,AD2125,298.721886890926
2718,AD2126,172.437258550863
2719,AD2127,153.049038756558
2720,AD2128,135.889481429333
2721,AD2129,122.59934064264
2722,AD2130,270.469710558878
2723,AD2131,35.0420918014143
2724,AD2132,54.455395119324
2725,AD2133,1133.38135784724
2726,AD2134,578.507098808698
2727,AD2135,102.082703235785
2728,AD2136,743.270021137835
2729,AD2137,1138.49801878759
2730,AD2138,1277.78990323605
2731,AD2139,506.774588220408
2732,AD2140,735.617243851902
2733,AD2141,759.016971267704
2734,AD2142,757.34233636783
2735,AD2143,854.71958481237
2736,AD2144,1459.86959331993
2737,AD2145,1092.20265933831
2738,AD2146,454.878622963698
2739,AD2147,1013.86661547577
2740,AD2148,385.865968778376
2741,AD2149,225.773141235921
2742,AD2150,406.699068054875
2743,AD2151,315.880480891009
2744,AD2152,238.634852001242
2745,AD2153,766.664460725505
2746,AD2154,1161.3549195914
2747,AD2155,439.498436604006
2748,AD2156,209.645869560293
2749,AD2157,93.8759347963342
2750,AD2158,602.873518682024
2751,AD2159,715.711484091134
2752,AD2160,1112.69815093842
2753,AD2161,431.085823014135
2754,AD2162,670.184874944465
2755,AD2163,97.101277431823
2756,AD2164,694.760462549579
2757,AD2165,87.0396970373965
2758,AD2166,149.896157802484
2759,AD2167,1538.65796265278
2760,AD2168,490.752586714527
2761,AD2169,1130.84931771463
2762,AD2170,1264.47247333031
2763,AD2171,88.445275250869
2764,AD2172,840.616908322504
2765,AD2173,961.753428438416
2766,AD2174,1031.80008382543
2767,AD2175,148.504164838552
2768,AD2176,568.503909075998
2769,AD2177,1194.90108773807
2770,AD2178,411.047850998961
2771,AD2179,972.914112910311
2772,AD2180,956.250852272073
2773,AD2181,189.892199633102
2774,AD2182,223.499302712159
2775,AD2183,189.825738262067
2776,AD2184,669.101135832166
2777,AD2185,1054.31436683031
2778,AD2186,366.646112711958
2779,AD2187,264.449956232971
2780,AD2188,668.696896448077
2781,AD2189,245.047120426334
2782,AD2190,220.595964103478
2783,AD2191,1694.20363645662
2784,AD2192,647.378172225126
2785,AD2193,82.0679018901272
2786,AD2194,385.94494127325
2787,AD2195,332.831117315156
2788,AD2196,300.943384301981
2789,AD2197,376.571835031245
2790,AD2198,1395.29703762475
2791,AD2199,614.137353293307
2792,AD2200,586.845387231846
2793,AD2201,252.169934814816
2794,AD2202,1077.89390214526
2795,AD2203,153.803663024465
2796,AD2204,272.34041307874
2797,AD2205,528.842465692778
2798,AD2206,204.572347091927
2799,AD2207,152.258837161329
2800,AD2208,344.331259082386
2801,AD2209,339.768938902312
2802,AD2210,294.113127963389
2803,AD2211,406.699068054875
2804,AD2212,814.606761307852
2805,AD2213,443.510444425526
2806,AD2214,756.436184972228
2807,AD2215,167.253745297613
2808,AD2216,143.970427532362
2809,AD2217,687.865288502742
2810,AD2218,778.492761820194
2811,AD2219,703.022815906067
2812,AD2220,418.543008135595
2813,AD2221,426.655580559463
2814,AD2222,220.64776699073
2815,AD2223,480.790167078447
2816,AD2224,635.459402156925
2817,AD2225,209.146272658019
2818,AD2226,181.435562503828
2819,AD2227,303.666090278318
2820,AD2228,133.659658020865
2821,AD2229,322.000789381925
2822,AD2230,1551.65298662307
2823,AD2231,89.0327837022704
2824,AD2232,670.184874944465
2825,AD2233,377.536932768447
2826,AD2234,980.33739357895
2827,AD2235,316.597103063349
2828,AD2236,205.006155028625
2829,AD2237,830.31517882504
2830,AD2238,290.067623872883
2831,AD2239,417.265971489188
2832,AD2240,219.093901713808
2833,AD2241,1465.79632524132
2834,AD2242,78.7896503257758
2835,AD2243,196.413463391839
2836,AD2244,1224.02470305508
2837,AD2245,126.635472359374
2838,AD2246,379.088514365137
2839,AD2247,306.324914468643
2840,AD2248,783.00092616932
2841,AD2249,189.102168917672
2842,AD2250,84.3404415649355
2843,AD2251,402.336263627729
2844,AD2252,985.131395578107
2845,AD2253,167.331774054635
2846,AD2254,357.319262674394
2847,AD2255,656.414488955569
2848,AD2256,783.379347975368
2849,AD2257,215.212376229942
2850,AD2258,521.939530681997
2851,AD2259,717.347474221952
2852,AD2260,211.511056311391
2853,AD2261,806.88413505982
2854,AD2262,158.188079078144
2855,AD2263,192.195744693573
2856,AD2264,292.803287989803
2857,AD2265,776.73674292445
2858,AD2266,1021.39613555365
2859,AD2267,1620.37765594499
2860,AD2268,861.323079045603
2861,AD2269,171.227100173836
2862,AD2270,663.908089931584
2863,AD2271,822.379402066665
2864,AD2272,654.586227824272
2865,AD2273,691.839146069678
2866,AD2274,151.59623108543
2867,AD2275,165.297585505985
2868,AD2276,670.870239873232
2869,AD2277,385.865968778376
2870,AD2278,348.854434682519
2871,AD2279,1935.10245411821
2872,AD2280,912.45237345416
2873,AD2281,174.318488857593
2874,AD2282,1550.6530113993
2875,AD2283,107.604824334339
2876,AD2284,725.985707891875
2877,AD2285,446.126123994442
2878,AD2286,986.404688351878
2879,AD2287,548.0684145829
2880,AD2288,439.264016416272
2881,AD2289,839.836183444128
2882,AD2290,528.190766017779
2883,AD2291,189.047269897073
2884,AD2292,888.625508094077
2885,AD2293,228.077578812594
2886,AD2294,663.236642725941
2887,AD2295,141.82290364517
2888,AD2296,61.5389603334483
2889,AD2297,800.764456639986
2890,AD2298,112.752981056124
2891,AD2299,1205.20819781345
2892,AD2300,867.573956903133
2893,AD2301,274.681248703973
2894,AD2302,253.791751955169
2895,AD2303,510.502429925488
2896,AD2304,1005.64861149515
2897,AD2305,957.62767481024
2898,AD2306,497.943711379934
2899,AD2307,1382.95973902119
2900,AD2308,220.603032517117
2901,AD2309,277.946203728863
2902,AD2310,1232.56868367976
2903,AD2311,888.987806432646
2904,AD2312,375.363292884725
2905,AD2313,373.825986956524
2906,AD2314,735.844816622789
2907,AD2315,753.206462334203
2908,AD2316,1052.36196832024
2909,AD2317,584.371648269541
2910,AD2318,110.975974025485
2911,AD2319,488.487089150178
2912,AD2320,885.740887669352
2913,AD2321,790.560927564063
2914,AD2322,416.416384815423
2915,AD2323,218.714519157343
2916,AD2324,110.696724409837
2917,AD2325,246.51039081802
2918,AD2326,889.231427223268
2919,AD2327,447.420662781168
2920,AD2328,460.795054956689
2921,AD2329,438.569061646663
2922,AD2330,134.823782385433
2923,AD2331,120.721289366014
2924,AD2332,352.529298554061
2925,AD2333,207.395020849377
2926,AD2334,66.6624238472272
2927,AD2335,146.776333692617
2928,AD2336,1250.52183814624
2929,AD2337,95.396926021178
2930,AD2338,120.721289366014
2931,AD2339,973.01282828257
2932,AD2340,116.051809924015
2933,AD2341,491.951347175
2934,AD2342,523.596747447334
2935,AD2343,1464.63468437389
2936,AD2344,283.128454761777
2937,AD2345,966.942990765768
2938,AD2346,270.242477406872
2939,AD2347,414.411969962162
2940,AD2348,133.615895915546
2941,AD2349,557.280046412696
2942,AD2350,1138.49801878759
2943,AD2351,629.620915944927
2944,AD2352,1395.29703762475
2945,AD2353,78.0209622825128
2946,AD2354,120.721289366014
2947,AD2355,30.7231743043542
2948,AD2356,660.756806501382
2949,AD2357,126.382648094873
2950,AD2358,216.253110535827
2951,AD2359,557.190354995311
2952,AD2360,1173.44841278613
2953,AD2361,179.575102271967
2954,AD2362,522.518334259968
2955,AD2363,365.486080122376
2956,AD2364,61.1894064288401
2957,AD2365,151.888046336029
2958,AD2366,207.739856631014
2959,AD2367,720.436872266823
2960,AD2368,79.8101892880917
2961,AD2369,265.991242830922
2962,AD2370,92.1994742240142
2963,AD2371,117.836643365068
2964,AD2372,954.610841538075
2965,AD2373,57.9583353961573
2966,AD2374,300.943384301981
2967,AD2375,214.117583342289
2968,AD2376,499.076298095669
2969,AD2377,379.413104013217
2970,AD2378,305.119651867737
2971,AD2379,51.7099754931883
2972,AD2380,351.620716866439
2973,AD2381,207.007101152773
2974,AD2382,24.779192069205
2975,AD2383,286.498344293099
2976,AD2384,620.339202290813
2977,AD2385,670.918584527279
2978,AD2386,578.379291758882
2979,AD2387,533.82766766596
2980,AD2388,665.236521025808
2981,AD2389,186.175447757336
2982,AD2390,683.486466921004
2983,AD2391,1270.50214216865
2984,AD2392,151.888046336029
2985,AD2393,599.360246396453
2986,AD2394,565.618738287771
2987,AD2395,611.836447440223
2988,AD2396,594.814919386856
2989,AD2397,559.772145555178
2990,AD2398,448.121248551322
2991,AD2399,575.923772219096
2992,AD2400,514.498979953895
2993,AD2401,448.121248551322
2994,AD2402,505.39083785403
2995,AD2403,453.380670913788
2996,AD2404,836.021250289753
2997,AD2405,493.849419625141
2998,AD2406,448.121248551322
2999,AD2407,549.8377342456
3000,AD2408,565.618738287771
3001,AD2409,514.498979953895
3002,AD2410,599.360246396453
3003,AD2411,289.739530554884
3004,AD2412,625.005359486962
3005,AD2413,364.967492976465
3006,AD2414,1708.89611180755
3007,AD2415,693.546964120916
3008,AD2416,288.161093774661
3009,AD2417,564.011334331123
3010,AD2418,990.989244859391
3011,AD2419,553.785751248671
3012,AD2420,636.582278388
3013,AD2421,1009.90111180565
3014,AD2422,339.54510887515
3015,AD2423,402.217188347082
3016,AD2424,428.293245261677
3017,AD2425,167.12050067501
3018,AD2426,709.407713952873
3019,AD2427,248.371798870798
3020,AD2428,768.001735623497
3021,AD2429,379.088514365137
3022,AD2430,458.723922175374
3023,AD2431,962.955227337592
3024,AD2432,653.162691115859
3025,AD2433,72.030616167065
3026,AD2434,982.019352916648
3027,AD2435,1725.35146479697
3028,AD2436,588.256821290918
3029,AD2437,1241.3997097993
3030,AD2438,160.719952077493
3031,AD2439,93.3453937975081
3032,AD2440,428.293245261677
3033,AD2441,1214.92878961255
3034,AD2442,290.985142711885
3035,AD2443,98.2618189004402
3036,AD2444,501.861354223904
3037,AD2445,165.297585505985
3038,AD2446,136.267356017391
3039,AD2447,814.147778631573
3040,AD2448,554.676527275346
3041,AD2449,813.819496514733
3042,AD2450,196.211058895911
3043,AD2451,339.484701342912
3044,AD2452,1565.60959966911
3045,AD2453,766.468513424669
3046,AD2454,244.39839704723
3047,AD2455,171.699322477498
3048,AD2456,331.572126179564
3049,AD2457,585.826398781961
3050,AD2458,1172.87850630242
3051,AD2459,649.098607820164
3052,AD2460,91.7009910003842
3053,AD2461,192.835734573073
3054,AD2462,307.729344867101
3055,AD2463,656.498640052566
3056,AD2464,149.896157802484
3057,AD2465,302.959358740645
3058,AD2466,289.816999134975
3059,AD2467,1530.71946335976
3060,AD2468,537.239964738059
3061,AD2469,889.382954561666
3062,AD2470,661.260210635476
3063,AD2471,212.678146478918
3064,AD2472,149.751887103357
3065,AD2473,646.85435352834
3066,AD2474,80.6013073239246
3067,AD2475,267.924328467141
3068,AD2476,842.993498107888
3069,AD2477,442.290361757562
3070,AD2478,69.8141519434749
3071,AD2479,342.712690427787
3072,AD2480,170.217299186624
3073,AD2481,623.230119968329
3074,AD2482,186.979220225322
3075,AD2483,758.527821451998
3076,AD2484,69.8141519434749
3077,AD2485,791.651280132799
3078,AD2486,1597.42068705132
3079,AD2487,1502.00720782974
3080,AD2488,92.3043309032555
3081,AD2489,1649.63098534182
3082,AD2490,1441.43108558542
3083,AD2491,1044.34242128851
3084,AD2492,548.674804536975
3085,AD2493,135.996549660452
3086,AD2494,33.8500412850184
3087,AD2495,302.366155542564
3088,AD2496,440.005644694626
3089,AD2497,639.210372608766
3090,AD2498,196.181091783733
3091,AD2499,546.632271833749
3092,AD2500,189.047269897073
3093,AD2501,658.976780984243
3094,AD2502,663.236642725941
3095,AD2503,1015.63960950707
3096,AD2504,1228.41444679927
3097,AD2505,183.375241809807
3098,AD2506,703.547559448574
3099,AD2507,357.247086624797
3100,AD2508,962.955227337592
3101,AD2509,137.97354793039
3102,AD2510,396.502774908347
3103,AD2511,492.50057771419
3104,AD2512,580.603448080621
3105,AD2513,346.61936861892
3106,AD2514,186.517088050081
3107,AD2515,249.424155259241
3108,AD2516,869.425220022588
3109,AD2517,314.450835123907
3110,AD2518,758.836333885481
3111,AD2519,307.584110588986
3112,AD2520,697.682566127614
3113,AD2521,142.35649011113
3114,AD2522,1145.70069006697
3115,AD2523,1722.72121448526
3116,AD2524,122.220942465662
3117,AD2525,1301.95188237478
3118,AD2526,1546.31648252491
3119,AD2527,1154.05789393658
3120,AD2528,624.958792267239
3121,AD2529,401.598907142804
3122,AD2530,348.213208154929
3123,AD2531,412.13413922217
3124,AD2532,542.070154032646
3125,AD2533,717.643311387621
3126,AD2534,867.573956903133
3127,AD2535,120.721289366014
3128,AD2536,335.35180591948
3129,AD2537,1069.96980008908
3130,AD2538,174.842413285775
3131,AD2539,27.6666247657173
3132,AD2540,1202.45372921367
3133,AD2541,157.190990560244
3134,AD2542,1092.42211878602
3135,AD2543,82.0107614848687
3136,AD2544,1112.50319751913
3137,AD2545,62.1911679508739
3138,AD2546,926.328560237871
3139,AD2547,863.699551534106
3140,AD2548,670.184874944465
3141,AD2549,635.387524052518
3142,AD2550,432.898570573605
3143,AD2551,461.197226671957
3144,AD2552,567.583246759371
3145,AD2553,91.755379880957
3146,AD2554,548.0684145829
3147,AD2555,201.195897905177
3148,AD2556,128.388414194783
3149,AD2557,1227.21290205801
3150,AD2558,581.235728226392
3151,AD2559,484.084236710507
3152,AD2560,1304.63063681362
3153,AD2561,1555.35113787556
3154,AD2562,888.08967137228
3155,AD2563,911.086822102592
3156,AD2564,387.577857952388
3157,AD2565,1247.86334780144
3158,AD2566,358.747344779113
3159,AD2567,1465.67947114813
3160,AD2568,1466.07173247468
3161,AD2569,247.343614368365
3162,AD2570,568.911840915679
3163,AD2571,658.78268014048
3164,AD2572,560.79631264793
3165,AD2573,41.6241383916609
3166,AD2574,173.5642427602
3167,AD2575,363.291303884341
3168,AD2576,198.281179909685
3169,AD2577,931.402565803799
3170,AD2578,553.79781179688
3171,AD2579,165.240190364874
3172,AD2580,408.474364508285
3173,AD2581,242.182556498372
3174,AD2582,1087.51485677926
3175,AD2583,943.081723478939
3176,AD2584,326.010575330207
3177,AD2585,297.261803340183
3178,AD2586,461.257665072448
3179,AD2587,50.1785126555135
3180,AD2588,882.049349420713
3181,AD2589,1189.1803935455
3182,AD2590,645.846008358303
3183,AD2591,575.313783608249
3184,AD2592,93.523594605761
3185,AD2593,59.0682370394697
3186,AD2594,764.023771300226
3187,AD2595,747.018877763385
3188,AD2596,226.381734739042
3189,AD2597,279.67303784342
3190,AD2598,1653.33660584238
3191,AD2599,732.869124078478
3192,AD2600,613.085349140453
3193,AD2601,114.413427699373
3194,AD2602,335.710784586967
3195,AD2603,203.910019877778
3196,AD2604,1029.04247128589
3197,AD2605,589.010282407072
3198,AD2606,368.14232345371
3199,AD2607,653.285383784372
3200,AD2608,360.116675717663
3201,AD2609,253.604128930743
3202,AD2610,1705.29574732813
3203,AD2611,690.461900072642
3204,AD2612,219.093901713808
3205,AD2613,432.945664836946
3206,AD2614,220.595964103478
3207,AD2615,34.587964363998
3208,AD2616,214.678690459074
3209,AD2617,456.346716749741
3210,AD2618,476.396298378309
3211,AD2619,225.773141235921
3212,AD2620,198.303830660386
3213,AD2621,949.23489591013
3214,AD2622,338.919034934203
3215,AD2623,985.131395578107
3216,AD2624,1125.02981082316
3217,AD2625,1811.45187639834
3218,AD2626,453.442850270315
3219,AD2627,784.425802111035
3220,AD2628,107.047472202291
3221,AD2629,1380.83771410974
3222,AD2630,442.290361757562
3223,AD2631,745.761671658892
3224,AD2632,194.665053624724
3225,AD2633,635.387524052518
3226,AD2634,568.503909075998
3227,AD2635,143.245119115423
3228,AD2636,791.651280132799
3229,AD2637,952.426264627855
3230,AD2638,98.2618189004402
3231,AD2639,113.518859390942
3232,AD2640,1274.69830051731
3233,AD2641,1013.86661547577
3234,AD2642,1077.89390214526
3235,AD2643,27.2363135991794
3236,AD2644,183.436863394333
3237,AD2645,1708.69099881677
3238,AD2646,717.643311387621
3239,AD2647,651.37300514586
3240,AD2648,109.695616594263
3241,AD2649,1122.2715468774
3242,AD2650,1299.60650282426
3243,AD2651,863.022928146624
3244,AD2652,259.850334460248
3245,AD2653,1007.18361648895
3246,AD2654,1674.50331404143
3247,AD2655,161.873565322056
3248,AD2656,360.521283886924
3249,AD2657,224.250885162246
3250,AD2658,879.83814555818
3251,AD2659,850.906121572543
3252,AD2660,244.084567402251
3253,AD2661,611.836447440223
3254,AD2662,1252.65800308064
3255,AD2663,1351.14325466078
3256,AD2664,391.970371090561
3257,AD2665,91.7009910003842
3258,AD2666,662.403443266073
3259,AD2667,766.468513424669
3260,AD2668,1565.60959966911
3261,AD2669,189.825738262067
3262,AD2670,142.495625037133
3263,AD2671,441.578575305957
3264,AD2672,943.081723478939
3265,AD2673,141.956507386107
3266,AD2674,361.891472844591
3267,AD2675,1484.76323255627
3268,AD2676,63.1698271802891
3269,AD2677,735.806310544118
3270,AD2678,152.430872306919
3271,AD2679,1185.95133923488
3272,AD2680,638.056103212752
3273,AD2681,1122.64593186023
3274,AD2682,304.928585379922
3275,AD2683,292.532287065577
3276,AD2684,149.49464580242
3277,AD2685,142.35649011113
3278,AD2686,652.2474752593
3279,AD2687,1502.00720782974
3280,AD2688,1033.3931178115
3281,AD2689,807.239039843177
3282,AD2690,223.316795884565
3283,AD2691,537.239964738059
3284,AD2692,144.541572420575
3285,AD2693,357.247086624797
3286,AD2694,1498.33226242724
3287,AD2695,200.31313971507
3288,AD2696,151.888046336029
3289,AD2697,430.050136048653
3290,AD2698,253.604128930743
3291,AD2699,75.5264481303802
3292,AD2700,383.8431403699
3293,AD2701,171.699322477498
3294,AD2702,534.60391163544
3295,AD2703,69.8141519434749
3296,AD2704,606.484586995931
3297,AD2705,1204.87285913444
3298,AD2706,249.824417018535
3299,AD2707,211.285551341963
3300,AD2708,56.6711018727073
3301,AD2709,1125.03790920822
3302,AD2710,1558.02871809316
3303,AD2711,359.173949712362
3304,AD2712,774.7642877287
3305,AD2713,1708.21897369063
3306,AD2714,332.93884580244
3307,AD2715,219.093901713808
3308,AD2716,512.777513132945
3309,AD2717,1081.03108906751
3310,AD2718,300.264861770325
3311,AD2719,151.59623108543
3312,AD2720,1179.45950490526
3313,AD2721,587.394890933847
3314,AD2722,298.941121636708
3315,AD2723,44.8166791999458
3316,AD2724,136.267356017391
3317,AD2725,472.837475581504
3318,AD2726,273.994738981724
3319,AD2727,175.928228850753
3320,AD2728,196.168856502177
3321,AD2729,332.565545037566
3322,AD2730,1224.02470305508
3323,AD2731,307.453927155963
3324,AD2732,57.8072888813064
3325,AD2733,1138.72718685588
3326,AD2734,149.7010534099
3327,AD2735,562.484945199295
3328,AD2736,972.687315819874
3329,AD2737,353.168497246368
3330,AD2738,1313.89262061201
