Stock Index,Stock Price
AC3235,867.3597499592366
AC3236,412.5146645266285
AC3237,1308.6457007995932
AC3238,832.8402636628836
AC3239,371.4389369558446
AC3240,489.30147479070376
AC3241,843.8990267654802
AC3242,856.8125138747893
AC3243,909.9949247434057
AC3244,1229.5830732885374
AC3245,450.1311776118214
AC3246,401.21004857582955
AC3247,803.6527339392566
AC3248,172.11140546937906
AC3249,164.76278232788093
AC3250,201.31847664279803
AC3251,1438.278336375513
AC3252,3.878403744637694
AC3253,503.0506271366479
AC3254,82.81387661343854
AC3255,964.7494918748004
AC3256,814.5727031420637
AC3257,1316.9295258174257
AC3258,509.25554855674534
AC3259,229.99705753123385
AC3260,242.73607250048303
AC3261,106.10457322823447
AC3262,195.12982786078317
AC3263,371.4735953139202
AC3264,-39.998230023892916
AC3265,1065.322667758569
AC3266,839.1825098146966
AC3267,517.79391083494
AC3268,749.770079781889
AC3269,395.31055478931273
AC3270,912.9259376624674
AC3271,-120.33547620349435
AC3272,362.19588569327277
AC3273,907.5211330126089
AC3274,623.963516030953
AC3275,528.9866655716299
AC3276,613.8402338088682
AC3277,1061.0219904428254
AC3278,995.4506457265669
AC3279,180.46368692026408
AC3280,418.26219727174566
AC3281,855.7000491377781
AC3282,89.1263200493745
AC3283,835.8656952565176
AC3284,555.1006118709319
AC3285,-81.43808981674613
AC3286,862.5474159707029
AC3287,284.74095183694703
AC3288,194.68073114286824
AC3289,267.8471412629236
AC3290,426.4150118319476
AC3291,101.57872907555725
AC3292,-54.667819915361406
AC3293,505.59381397005984
AC3294,246.26261951009633
AC3295,789.3799587029927
AC3296,48.507916378249206
AC3297,598.7268321446187
AC3298,797.1451730889991
AC3299,6.089529117482812
AC3300,-80.84256528974066
AC3301,867.3707068597465
AC3302,142.64348859923325
AC3303,1132.7713229709616
AC3304,-287.373454927995
AC3305,225.15860777976252
AC3306,238.2334440333093
AC3307,-314.1607224433943
AC3308,415.2420345423791
AC3309,343.577473561817
AC3310,867.0246175519854
AC3311,1048.0827343643969
AC3312,839.475865311032
AC3313,-313.39130831618917
AC3314,-108.95173872744232
AC3315,-20.245450844113748
AC3316,389.6382325850411
AC3317,906.700929086784
AC3318,676.2117780616335
AC3319,1077.6454157427547
AC3320,-350.4918331558721
AC3321,45.75698154799875
AC3322,152.3100532045629
AC3323,833.7289141934026
AC3324,-29.715459495102095
AC3325,249.83900003373856
AC3326,370.9853122333178
AC3327,-141.1611935748483
AC3328,88.53968884880169
AC3329,679.5587466359726
AC3330,881.5212950983326
AC3331,555.5278513372801
AC3332,783.8461150009581
AC3333,1237.9741650720953
AC3334,276.24680539917426
AC3335,684.9073147762869
AC3336,121.76265121898291
AC3337,629.7485954003581
AC3338,1424.3617752530786
AC3339,784.5221528579099
AC3340,-100.22164224417293
AC3341,1116.8589011773897
AC3342,1114.241080405327
AC3343,404.2338539826452
AC3344,-79.75147084113308
AC3345,127.15314025716896
AC3346,-157.26097349872032
AC3347,278.25059328919235
AC3348,768.7507343490482
AC3349,505.2791746071142
AC3350,366.9692747183145
AC3351,799.5361406323615
AC3352,-215.76608913904164
AC3353,413.3367902667685
AC3354,332.7585176035002
AC3355,622.6185809580846
AC3356,226.6691985452029
AC3357,651.2124491458607
AC3358,1341.5467569327034
AC3359,1198.9879428841582
AC3360,1080.4495545950913
AC3361,454.61533604781846
AC3362,332.8412763775573
AC3363,750.0413434534765
AC3364,351.5968814559832
AC3365,13.07960533622736
AC3366,525.282921085039
AC3367,475.9650628800416
AC3368,891.8791369504219
AC3369,276.4749000975887
AC3370,797.2767565218309
AC3371,580.0199410002423
AC3372,518.8468914829572
AC3373,221.81685816221386
AC3374,317.9810910945173
AC3375,1027.4666914500162
AC3376,436.9963677947368
AC3377,279.8738313636793
AC3378,524.4828353385268
AC3379,693.2431868263126
AC3380,-1.5004814635854018
AC3381,619.2583818245563
AC3382,744.331629140659
AC3383,8.75629841602165
AC3384,194.90249764448265
AC3385,283.90019898472883
AC3386,58.48272821995522
AC3387,337.14271437065565
AC3388,1363.894865408643
AC3389,409.35997477797935
AC3390,477.481736392445
AC3391,853.4922721357153
AC3392,724.5964133971592
AC3393,455.88029290841143
AC3394,698.3181527783482
AC3395,1292.317675149748
AC3396,-203.40235662183102
AC3397,801.2848630182351
AC3398,665.6699380255694
AC3399,-191.28771799207914
AC3400,315.0151986202344
AC3401,53.84740313414068
AC3402,527.6475647459221
AC3403,185.7965198336418
AC3404,-181.92857250162638
AC3405,-91.35154205921879
AC3406,259.32165009673565
AC3407,353.50901205795026
AC3408,722.5361656459246
AC3409,1179.6812440711046
AC3410,1015.9738856693617
AC3411,912.2546961125769
AC3412,1330.7345126446503
AC3413,200.8936277725527
AC3414,326.91520540712145
AC3415,182.17757656767185
AC3416,723.8356272521879
AC3417,882.6756030844032
AC3418,112.89587395837259
AC3419,1218.0301494294076
AC3420,336.49398751961303
AC3421,375.12226835426486
AC3422,775.5387948560382
AC3423,-5.293168044346885
AC3424,1149.9019831747214
AC3425,301.1840439197797
AC3426,24.179200341254045
AC3427,376.2088273061876
AC3428,754.0344374346085
AC3429,880.1175573799641
AC3430,481.64631017617603
AC3431,634.0586192362838
AC3432,687.971570175591
AC3433,293.1139605745318
AC3434,837.4129289884355
AC3435,1026.118385061926
AC3436,437.72374682433076
AC3437,454.3871473189371
AC3438,1310.8069635340194
AC3439,84.57214534225216
AC3440,1128.7178043078447
AC3441,556.0605778702669
AC3442,-268.0017838137622
AC3443,700.0159938781954
AC3444,129.4432962962694
AC3445,240.99438174074737
AC3446,758.5827913068521
AC3447,871.087147419419
AC3448,59.55258018123368
AC3449,1021.0547041219396
AC3450,276.0988581414772
AC3451,1014.9622731262556
AC3452,802.5226109555471
AC3453,635.856422373139
AC3454,-139.15853222002124
AC3455,710.4896830480408
AC3456,45.89420717207338
AC3457,773.2203114845482
AC3458,711.8621873928197
AC3459,1454.6110449187113
AC3460,532.7542652655126
AC3461,586.8802133965866
AC3462,540.9694766833444
AC3463,1122.5746921314862
AC3464,316.15640453678805
AC3465,814.1644773945189
AC3466,171.47215624572198
AC3467,23.349599767176073
AC3468,1224.5208482856333
AC3469,362.65109072427197
AC3470,370.1235046776644
AC3471,784.4043129084968
AC3472,138.67887028857638
AC3473,420.631597034734
AC3474,442.7026106835725
AC3475,-118.45930017300333
AC3476,559.9354680461748
AC3477,817.9616970377725
AC3478,362.3691495327339
AC3479,153.0612113866548
AC3480,169.08554302901985
AC3481,1075.9225263850572
AC3482,555.2781406498087
AC3483,961.7081968239346
AC3484,871.8368783273305
AC3485,790.6457728605616
AC3486,-66.18364142722055
AC3487,292.99945713971476
AC3488,1429.9041537102562
AC3489,897.803568058329
AC3490,1322.6497741300395
AC3491,582.6220410399941
AC3492,994.9395781965701
AC3493,-192.7610967315103
AC3494,966.6896350440444
AC3495,144.23670969495186
AC3496,1178.3971669394778
AC3497,413.20518375964434
AC3498,-131.3352952940558
AC3499,466.4800172367202
AC3500,254.07593029916382
AC3501,195.23676461814455
AC3502,345.4975584513552
AC3503,263.21063098627485
AC3504,1042.0622744611992
AC3505,1044.0930198077576
AC3506,472.37481589175286
AC3507,838.0577035738121
AC3508,962.4716476705399
AC3509,399.75155542330083
AC3510,1127.220295973465
AC3511,944.3277563741377
AC3512,979.1631877156398
AC3513,548.7234903036334
AC3514,61.75223416039671
AC3515,877.7230808366172
AC3516,548.6479922232433
AC3517,580.7788257973319
AC3518,652.0980415616926
AC3519,951.5094968522009
AC3520,1431.0732426248228
AC3521,881.3620245011899
AC3522,1138.4302832127255
AC3523,937.0395978572575
AC3524,1089.0079142685945
AC3525,771.8516021955837
AC3526,535.4853863740822
AC3527,58.822024457725206
AC3528,-115.85357155755645
AC3529,922.3028085751868
AC3530,722.2828779919165
AC3531,734.3636148264833
AC3532,839.9506395060145
AC3533,732.2571258409736
AC3534,774.1034808292026
AC3535,935.3953348645244
AC3536,171.0073726081381
AC3537,532.9633900528833
AC3538,799.3764405159062
AC3539,1148.176398151225
AC3540,482.83259742893165
AC3541,526.5083345548
AC3542,310.4960711287521
AC3543,1037.9151246219585
AC3544,574.1819308277844
AC3545,563.2371542153111
AC3546,563.3329493622106
AC3547,599.8553115265494
AC3548,-89.11939423865363
AC3549,1386.3148529718433
AC3550,927.3971717446569
AC3551,797.7881744841865
AC3552,453.37875716907695
AC3553,861.1645950673391
AC3554,309.8801586849888
AC3555,204.57198156508912
AC3556,964.5373810656116
AC3557,631.5359566466449
AC3558,1149.4441011814988
AC3559,689.2817125782473
AC3560,346.3425475823243
AC3561,265.0244766955285
AC3562,821.240582704903
AC3563,996.0370055462816
AC3564,1299.6881302891784
AC3565,784.4523249475184
AC3566,375.1524980386232
AC3567,242.45122701685875
AC3568,194.627768099793
AC3569,381.9077818196123
AC3570,867.2497608157133
AC3571,588.9392337791786
AC3572,685.8305458077981
AC3573,1169.9568308133503
AC3574,658.246147137684
AC3575,52.154938238449745
AC3576,541.9261357475758
AC3577,1370.1133174351658
AC3578,-36.91523844564068
AC3579,1267.1595844287012
AC3580,191.22107835026952
AC3581,162.10108475932225
AC3582,239.05625038386688
AC3583,741.0498520650018
AC3584,276.85831451423246
AC3585,271.85670075117605
AC3586,410.04477695659955
AC3587,-313.3719397851671
AC3588,563.9073655826304
AC3589,28.394338473910807
AC3590,356.29315890015664
AC3591,424.409753279959
AC3592,236.43500888458402
AC3593,-108.63694800783554
AC3594,-29.75267260726457
AC3595,560.3789517096894
AC3596,864.7873994447272
AC3597,-100.9864724943385
AC3598,370.580190221232
AC3599,1071.8746815084046
AC3600,1174.4577407681218
AC3601,910.2913344609273
AC3602,805.5328546117956
AC3603,1381.355930831252
AC3604,272.9799060650464
AC3605,768.7126415309796
AC3606,1135.440680761671
AC3607,-271.2182812034852
AC3608,988.9502453968718
AC3609,566.1074058996438
AC3610,111.12892327608301
AC3611,805.5483082565714
AC3612,-84.96101572006154
AC3613,1104.6246664464402
AC3614,719.3829405831112
AC3615,456.9987456730703
AC3616,358.71031338663806
AC3617,1142.4486011746417
AC3618,24.119649659573952
AC3619,527.8663852723299
AC3620,186.18953177657022
AC3621,895.1940953898944
AC3622,276.0844335624233
AC3623,513.0356281619692
AC3624,857.2216372055985
AC3625,256.4222407450335
AC3626,63.16586875531334
AC3627,714.1297122052268
AC3628,-93.6834624067543
AC3629,-196.94357382356696
AC3630,778.681208001632
AC3631,-103.8943737493833
AC3632,56.78430807957159
AC3633,273.1293565571169
AC3634,1239.7265504092538
AC3635,635.6917837439822
AC3636,1061.8262464174886
AC3637,387.3161702349231
AC3638,956.2879987458122
AC3639,104.83488518672414
AC3640,860.0805396850639
AC3641,565.41835429571
AC3642,301.68342524116633
AC3643,617.9989965310903
AC3644,831.0878564164958
AC3645,1059.6567167660778
AC3646,666.9314133889965
AC3647,342.1052859100454
AC3648,173.00404764958353
AC3649,399.82317460810134
AC3650,706.3450473498364
AC3651,1210.680366445254
AC3652,363.62207575124785
AC3653,617.1766957112583
AC3654,1089.970051724817
AC3655,359.1969571865242
AC3656,627.4691768417609
AC3657,989.6789286602954
AC3658,961.2134302446133
AC3659,603.1555675705355
AC3660,-34.79198183726942
AC3661,-3.2392166338846664
AC3662,479.0827564151151
AC3663,808.2763092720244
AC3664,418.5707206411579
AC3665,904.706411242228
AC3666,390.5343226014701
AC3667,633.0701298192656
AC3668,1140.1383159523916
AC3669,1092.8523440471936
AC3670,628.4985591118499
AC3671,137.48970056409382
AC3672,338.22997926640096
AC3673,894.6952413357855
AC3674,855.4545299940127
AC3675,648.1873845673077
AC3676,1206.478207994899
AC3677,998.5564874517996
AC3678,1110.040002523997
AC3679,466.5737068317179
AC3680,632.7714436904877
AC3681,694.1679854548858
AC3682,237.41546017567202
AC3683,692.2294368984382
AC3684,467.44321399947955
AC3685,322.99593312505283
AC3686,232.30566179713696
AC3687,790.5768372672834
AC3688,152.44377440314827
AC3689,888.8905013191339
AC3690,729.5980649715062
AC3691,503.40607143905083
AC3692,545.0667971079716
AC3693,40.138181517233875
AC3694,543.073071419337
AC3695,340.27006083615777
AC3696,499.67541763543124
AC3697,370.82144657018455
AC3698,388.09107934059966
AC3699,74.31195976760102
AC3700,1044.1754072821686
AC3701,328.70097963147725
AC3702,457.93547659025467
AC3703,126.56680719961207
AC3704,228.84143834872555
AC3705,788.390994383864
AC3706,846.1663401391764
AC3707,1289.9781479913408
AC3708,1111.806871333326
AC3709,609.0186061199882
AC3710,413.0441064426336
AC3711,1098.0401719550623
AC3712,302.65079983849205
AC3713,926.5811651928294
AC3714,1258.109709763275
AC3715,1164.3885393716587
AC3716,177.63653411326095
AC3717,819.7415633722627
AC3718,1164.2305451764182
AC3719,1000.2281617536936
AC3720,528.9250251076381
AC3721,584.1212759165104
AC3722,1297.6992426782895
AC3723,572.014462858608
AC3724,45.86200089520639
AC3725,958.91080349327
AC3726,63.24111637739816
AC3727,752.3957336215427
AC3728,313.9583370601654
AC3729,525.7584569959198
AC3730,681.9294016943355
AC3731,984.4686610567297
AC3732,523.9947152475994
AC3733,190.80545757610037
AC3734,703.9580889037435
AC3735,325.78723986858665
AC3736,719.2006256836395
AC3737,683.0657902414717
AC3738,487.28968094496895
AC3739,-157.1321968949352
AC3740,490.651970343128
AC3741,739.6084450323684
AC3742,851.4212178510364
AC3743,842.5995267572156
AC3744,-187.9930301680144
AC3745,270.6407624879779
AC3746,351.6585039243564
AC3747,398.07965005243307
AC3748,257.718719337935
AC3749,524.6387917486862
AC3750,1243.050662340157
AC3751,-157.41672327772926
AC3752,-130.30389448540518
AC3753,647.9107853854517
AC3754,682.8871709202282
AC3755,-164.91916443364198
AC3756,429.3569517536214
AC3757,575.8006466870892
AC3758,563.5249966169503
AC3759,689.2605077489708
AC3760,351.7329519062308
AC3761,451.4009361836487
AC3762,500.1071740443555
AC3763,883.0653962251532
AC3764,454.8730374405259
AC3765,619.2744278433244
AC3766,507.95873130699044
AC3767,-59.40571127176304
AC3768,1094.8254346724902
AC3769,1034.3418668706618
AC3770,44.47678157056703
AC3771,695.5331482587973
AC3772,454.20790644791737
AC3773,80.9189872431167
AC3774,272.13135809327093
AC3775,-315.00412673685
AC3776,565.046013134831
AC3777,183.75247400332353
AC3778,848.0742188114485
AC3779,1489.8852044255882
AC3780,-62.235322006704564
AC3781,696.2856633483872
AC3782,-85.84526110792592
AC3783,591.520291530734
AC3784,417.9950475464585
AC3785,403.79507192626124
AC3786,428.2979900395685
AC3787,133.85163688468015
AC3788,684.7063836597932
AC3789,1197.2458076785338
AC3790,885.8243876317869
AC3791,164.547224800172
AC3792,872.6127833122831
AC3793,573.5492690478119
AC3794,786.5450614664868
AC3795,536.6400226424211
AC3796,485.8467767071819
AC3797,-102.17403105519827
AC3798,571.1226799818579
AC3799,1023.7270917447642
AC3800,-31.768864345331508
AC3801,268.62854224301975
AC3802,271.5315186804967
AC3803,-121.94710768752469
AC3804,-352.4190148565669
AC3805,-311.30417318911054
AC3806,785.0771657321121
AC3807,31.926588562935308
AC3808,1250.9026339708848
AC3809,538.7623135339435
AC3810,486.9979946400175
AC3811,276.12141043349516
AC3812,732.3727808344012
AC3813,1025.2143231981577
AC3814,787.3963556062673
AC3815,111.74927438449288
AC3816,847.6876101902052
AC3817,575.5545127387044
AC3818,1371.8684548354718
AC3819,188.14710585436376
AC3820,69.41458680263372
AC3821,200.45996277196218
AC3822,542.129917504146
AC3823,407.0611250561129
AC3824,505.21176792864696
AC3825,361.9917815817505
AC3826,641.704956522405
AC3827,763.4918742675076
AD1,292.77902659572715
AD2,527.7916262473453
AD3,-130.28082612181225
AD4,619.5978784020434
AD5,-11.642367093798725
AD6,118.01403813884394
AD7,350.33330245086177
AD8,720.3565901852502
AD9,678.999782886873
AD10,369.2536520562402
AD11,63.526128516680615
AD12,0.4258965014248588
AD13,771.7749987083627
AD14,804.1185084160439
AD15,964.6372991110928
AD16,742.4407786182866
AD17,766.8718708926255
AD18,733.162919041395
AD19,1295.803646697082
AD20,525.9426265702322
AD21,814.5972960752187
AD22,1185.6174409074974
AD23,1334.191009731609
AD24,274.78492905605526
AD25,841.6694986273654
AD26,568.3803206602141
AD27,437.74397477520415
AD28,443.690715465356
AD29,740.3609147013905
AD30,1025.3262258816817
AD31,563.9230964936636
AD32,382.794357709496
AD33,480.599016708199
AD34,493.56354228311454
AD35,692.2428480902885
AD36,90.02976876707203
AD37,-283.71563901191917
AD38,1361.1325607097247
AD39,780.115536121513
AD40,471.28060421823534
AD41,-239.92944135792726
AD42,170.5295375877165
AD43,426.13035232655955
AD44,853.9807196923547
AD45,1417.8019764608857
AD46,518.9484177137841
AD47,374.7304719886382
AD48,437.3948744765145
AD49,489.28169388876347
AD50,614.1651190331123
AD51,-227.59830193104608
AD52,-162.3911030293317
AD53,476.72183792825297
AD54,1.8959958379174395
AD55,661.7211589891511
AD56,1037.4003029936484
AD57,872.9351453715432
AD58,1064.1139180324376
AD59,647.8896489069265
AD60,822.6222026055603
AD61,855.298019171818
AD62,1358.3381283543936
AD63,734.8968091127066
AD64,917.8056893783247
AD65,230.55773430780755
AD66,564.36533687693
AD67,44.80469216153347
AD68,1017.0460096626254
AD69,558.9094873597202
AD70,-334.3388060456012
AD71,438.7174189193904
AD72,693.9181437881963
AD73,675.6722455118964
AD74,162.4300355045882
AD75,771.0936548908852
AD76,1211.1363544514597
AD77,229.51681598114646
AD78,538.7856704768038
AD79,1301.6220484986125
AD80,789.9376517033091
AD81,1068.78192237866
AD82,748.7807033976916
AD83,50.18733159510168
AD84,614.28078837796
AD85,1000.350543934817
AD86,527.5352394966473
AD87,610.2496207370292
AD88,657.2619388703284
AD89,-143.11847438790096
AD90,865.4247196688262
AD91,1189.1752055522647
AD92,276.0549345412859
AD93,628.4970696399395
AD94,496.97894245536816
AD95,342.7551806610155
AD96,690.4747393368347
AD97,330.0489891280225
AD98,1070.925461612455
AD99,-258.7774388081746
AD100,796.0999943394271
AD101,232.2257410495008
AD102,403.58989911517324
AD103,211.85392968639326
AD104,290.26003162728466
AD105,1015.1600364693776
AD106,826.571960503405
AD107,1125.294494040119
AD108,1110.424328113906
AD109,95.71271094467079
AD110,651.7473663987795
AD111,546.9613439785281
AD112,1142.6261539115649
AD113,534.557562191994
AD114,279.8651761441298
AD115,389.3733068887108
AD116,662.7923080450306
AD117,805.6334530144203
AD118,67.88181613225515
AD119,455.4612915365399
AD120,-78.4708664432896
AD121,-75.70187098429597
AD122,590.5481321556177
AD123,-304.20933429102604
AD124,636.0906143275025
AD125,671.29128646028
AD126,429.3464723319437
AD127,1157.3495518518034
AD128,557.4824370858461
AD129,715.8919865759104
AD130,356.91421989402784
AD131,808.7005755157328
AD132,550.2929248553877
AD133,760.8392967493311
AD134,569.73612010259
AD135,1317.8838073139477
AD136,912.2543127048854
AD137,627.4529458020507
AD138,910.219035080472
AD139,1295.458109940871
AD140,382.30676051073897
AD141,1.8882769768716798
AD142,778.8185614586156
AD143,29.494461977097217
AD144,460.56329968717307
AD145,447.83143939931915
AD146,1085.0933311485755
AD147,934.4319528689842
AD148,817.6041878913887
AD149,1036.4341820455493
AD150,851.9805651777275
AD151,186.98366543245504
AD152,1033.2401013659587
AD153,448.7652692742315
AD154,392.3010453328958
AD155,565.8446087474575
AD156,458.857317464905
AD157,1198.4031244437742
AD158,497.41462768920553
AD159,812.6775316670831
AD160,1110.3241410777691
AD161,693.3780433214491
AD162,122.47367782419883
AD163,529.2979784076919
AD164,878.9067092782751
AD165,616.6752708728756
AD166,423.64090203764727
AD167,427.8613711734632
AD168,495.6113704648634
AD169,810.2025597442793
AD170,-83.36722161715983
AD171,763.9891536651829
AD172,169.15616495799702
AD173,637.935870285343
AD174,780.118102383553
AD175,386.9965610398059
AD176,518.8004419049092
AD177,525.3424962364651
AD178,1079.781375861132
AD179,831.559025353912
AD180,-73.22581522319479
AD181,1135.799632974541
AD182,432.5248829925232
AD183,-55.71406256749128
AD184,1178.023366767648
AD185,534.8816048333111
AD186,1147.0355870301842
AD187,639.2604359711887
AD188,-86.31713333597764
AD189,1080.4305090038224
AD190,358.9564162406524
AD191,-32.19775799135965
AD192,607.2815181497011
AD193,-291.2045667199159
AD194,323.96159274633294
AD195,588.1927801965102
AD196,911.7821596888188
AD197,1083.8510596230285
AD198,281.0142792731855
AD199,-82.78075795155462
AD200,633.2664827208763
AD201,1076.2471991497573
AD202,-46.57682788441468
AD203,660.9396562225733
AD204,1034.1225757109346
AD205,520.0069971651579
AD206,433.9607634174798
AD207,848.0630520311576
AD208,854.5061465193734
AD209,602.4502379969657
AD210,1502.6487810288786
AD211,557.3926972009159
AD212,1081.8920075066676
AD213,1157.5277177374946
AD214,526.2478513194627
AD215,684.619547503854
AD216,-217.7627109686626
AD217,1251.1786518132035
AD218,851.9043145265247
AD219,470.4485074192297
AD220,479.42566442773614
AD221,557.9745800170937
AD222,1148.48971336269
AD223,-231.1838006416358
AD224,820.9417213273977
AD225,628.021109397256
AD226,1399.61172410768
AD227,535.3617548140891
AD228,290.59188862551196
AD229,630.3755121381856
AD230,548.7493107442871
AD231,484.9497739136498
AD232,869.1852596470427
AD233,590.6613763790045
AD234,653.6492385812695
AD235,544.1932370753312
AD236,554.4814714601267
AD237,473.8836744705253
AD238,818.3178873921005
AD239,808.790384606017
AD240,1310.3503808217051
AD241,728.728375541037
AD242,-35.31208904258608
AD243,858.6596648638371
AD244,845.1001919576696
AD245,245.304590949802
AD246,761.5724217191847
AD247,1216.6389361557813
AD248,684.866362416503
AD249,395.83743229000527
AD250,795.1839781124628
AD251,672.2727080167773
AD252,1185.565655670734
AD253,154.22411760912325
AD254,7.089643770664793
AD255,761.6299360432673
AD256,86.23603009144654
AD257,1401.174257967351
AD258,566.3867533109861
AD259,164.11455428170405
AD260,686.2765251983373
AD261,-4.907600477316123
AD262,-235.95566222577634
AD263,753.1155148893939
AD264,359.1087055731075
AD265,722.605553252018
AD266,284.307285999192
AD267,135.2391911108151
AD268,977.9961984932976
AD269,819.8117063627614
AD270,1306.1408082545681
AD271,452.9199424104636
AD272,590.925654562163
AD273,-52.983805265355954
AD274,303.1999977432679
AD275,841.8350396688592
AD276,73.00451124895403
AD277,-155.12473114021037
AD278,784.5188351754872
AD279,288.77005283235724
AD280,837.2297024356973
AD281,435.12951923635217
AD282,1208.1662447485187
AD283,134.629151383313
AD284,-103.27191308470026
AD285,557.5537062866423
AD286,-132.60621313721532
AD287,583.7001588522074
AD288,277.1594298212078
AD289,-73.47738816412345
AD290,1405.6368976965337
AD291,74.19135287631264
AD292,779.7071450166189
AD293,825.4962648007776
AD294,849.366208692271
AD295,373.8647196364942
AD296,606.3321578116635
AD297,-230.37859698877213
AD298,792.5662344031754
AD299,929.3221211227784
AD300,246.25933312559312
AD301,21.187948790354085
AD302,550.4608598229871
AD303,542.8841626837956
AD304,955.8143463240516
AD305,605.5029053737129
AD306,554.1318141598466
AD307,473.950109464109
AD308,377.2557875008674
AD309,203.98482176952666
AD310,573.5857677015828
AD311,721.782042065967
AD312,1496.8140215841922
AD313,1204.1015314355104
AD314,91.45163601156366
AD315,729.0074572401353
AD316,563.4220503116509
AD317,1149.517015130284
AD318,535.4907650737583
AD319,578.4207217087754
AD320,513.8363006877458
AD321,1125.7763416802636
AD322,325.8867753393391
AD323,-131.4504190726227
AD324,681.933623783521
AD325,1114.8079615134661
AD326,446.9882993728248
AD327,1135.6409105617008
AD328,326.9961323142902
AD329,1059.2918364002362
AD330,873.6038117442419
AD331,431.7986070400615
AD332,623.6971811433467
AD333,579.2398672398864
AD334,368.7507219890907
AD335,265.9565796715908
AD336,-69.407493035053
AD337,709.9512537282714
AD338,555.5468466937986
AD339,1083.0892675926716
AD340,622.6683954039828
AD341,574.9710041675977
AD342,464.55909044651787
AD343,158.64963109992198
AD344,1221.3618037670394
AD345,78.16009908824992
AD346,634.6725526708921
AD347,951.9864989400729
AD348,254.1689008532344
AD349,851.0099085873024
AD350,803.1286861987022
AD351,610.6345345389756
AD352,519.6435861997712
AD353,366.24272090508055
AD354,493.79195446881033
AD355,1297.1227806075967
AD356,507.3897461118173
AD357,-176.68212519073393
AD358,531.6233588192277
AD359,12.879465000867526
AD360,772.4757914042033
AD361,136.27859580909058
AD362,177.41407623842554
AD363,940.1127616070856
AD364,815.2487590195573
AD365,222.26076505509945
AD366,70.62197692097948
AD367,192.98994143447203
AD368,157.84636826444796
AD369,413.53795677954736
AD370,733.2309058823513
AD371,-169.30686721082765
AD372,1254.3955300372731
AD373,1232.4886870716573
AD374,183.6471709808509
AD375,838.7872896249363
AD376,787.3857950962512
AD377,1451.981422346155
AD378,478.22649962603555
AD379,1108.7077740544405
AD380,-46.72356207126563
AD381,186.46050748878451
AD382,279.92401307997704
AD383,176.49667349277308
AD384,433.13275175810656
AD385,374.13969907179853
AD386,846.1124206484745
AD387,312.8680084414342
AD388,901.9271007342785
AD389,844.5980346189878
AD390,632.3954976564495
AD391,840.5938009706248
AD392,928.2724920791728
AD393,1202.3738784696993
AD394,25.994842553560943
AD395,301.58033988382306
AD396,221.05877281547305
AD397,944.4876697025107
AD398,431.20529333364925
AD399,1155.2450699907045
AD400,99.1224557749922
AD401,865.660542863431
AD402,128.39147522049143
AD403,760.5091794776596
AD404,1165.8295979692375
AD405,290.5486462787402
AD406,241.2103404262166
AD407,725.5318615391467
AD408,334.9485852992136
AD409,-230.61226715238314
AD410,269.3990306777421
AD411,939.9728943170534
AD412,523.7496271516246
AD413,-6.575702496543499
AD414,462.01975467761963
AD415,708.9689644501331
AD416,298.77933076764555
AD417,522.3635245616757
AD418,503.9486084941742
AD419,479.37669908186683
AD420,165.20669153177937
AD421,668.7568113910219
AD422,-239.017649604275
AD423,869.8353268217423
AD424,527.8316046431081
AD425,675.924914215963
AD426,591.702547922189
AD427,519.8544778288423
AD428,1094.4650026961122
AD429,315.99212175401385
AD430,533.3269860501701
AD431,518.9229476047441
AD432,336.32080451968534
AD433,1218.2503149797299
AD434,573.1496637569843
AD435,605.7985502449557
AD436,-71.03559622508578
AD437,206.75897727184997
AD438,484.5027072053821
AD439,-123.73012242313848
AD440,-91.77403672262187
AD441,481.365319324443
AD442,426.77824011743894
AD443,480.2851184344255
AD444,227.08381876162582
AD445,947.2959746459954
AD446,261.298546466723
AD447,1052.6570728890133
AD448,249.45703496715691
AD449,766.7753182936075
AD450,895.2712917775931
AD451,1061.9545386930886
AD452,693.0754293009605
AD453,556.1954698186479
AD454,575.7303178862816
AD455,709.236519115313
AD456,285.9600634354347
AD457,166.83879397896317
AD458,-189.24050797529281
AD459,333.68180247391786
AD460,1362.8838082854145
AD461,1240.1157782747368
AD462,682.4725185962042
AD463,1311.1548669082567
AD464,737.508340620055
AD465,-227.0260377884655
AD466,1185.0794969299004
AD467,1028.721655508774
AD468,58.48167391807203
AD469,482.6600692214595
AD470,1267.5100592854287
AD471,551.2606333943
AD472,661.1443076042971
AD473,191.1080974603724
AD474,831.8192650791156
AD475,887.6155051734478
AD476,1417.312956117446
AD477,875.9407651012717
AD478,143.74194069895952
AD479,531.8487983757303
AD480,349.97550618473304
AD481,772.3473815650699
AD482,236.10700009499442
AD483,628.1183847656486
AD484,1188.6610541925033
AD485,1179.9531927431494
AD486,-75.16140177132888
AD487,356.08860394764883
AD488,700.7900301143414
AD489,928.3707918962174
AD490,837.7244880827144
AD491,-11.332084365523087
AD492,-52.647044488746246
AD493,743.3016967798873
AD494,556.2222684707882
AD495,685.0108645317522
AD496,1136.351301957393
AD497,547.1224274205566
AD498,561.7085640519748
AD499,552.9879720494788
AD500,577.8244164698968
AD501,548.4070425267124
AD502,573.5561882013934
AD503,550.8692967276089
AD504,575.0626049335227
AD505,557.9474114749522
AD506,1073.4199428589081
AD507,323.8780369990345
AD508,786.0056618387342
AD509,687.7210690916455
AD510,81.81556699852547
AD511,177.1582466046524
AD512,724.6505415792095
AD513,306.58180204990447
AD514,104.6693871722814
AD515,102.79536131863222
AD516,309.52526153354677
AD517,357.9415178662025
AD518,871.2306691528657
AD519,953.7399150606981
AD520,785.5669747668716
AD521,1481.3021623213676
AD522,681.8340491560663
AD523,526.4976000691578
AD524,771.5664655616594
AD525,329.80610695954954
AD526,525.2428051047763
AD527,467.5847316535677
AD528,-5.576170999805072
AD529,39.16886132402544
AD530,1191.1039190323659
AD531,431.8696349169654
AD532,182.41183240499174
AD533,917.2117897282345
AD534,691.8175575075562
AD535,1095.2730679430251
AD536,40.609124331263956
AD537,15.91045710472406
AD538,1005.6036879060379
AD539,733.8047758951494
AD540,103.2041128783286
AD541,548.3624385681629
AD542,617.6107459593746
AD543,584.8609820677262
AD544,280.43776060646246
AD545,1337.9161044222756
AD546,-270.4809857731192
AD547,622.149102296224
AD548,474.7326386973082
AD549,901.5907956532611
AD550,327.61134610533
AD551,778.0594480939577
AD552,334.45600497910243
AD553,-49.1371308600352
AD554,764.5607183513131
AD555,359.38906683932873
AD556,641.3011502403627
AD557,380.5707712580389
AD558,587.8064775992374
AD559,1097.8020768807273
AD560,276.4351597376076
AD561,286.08934699226256
AD562,1171.6965810060378
AD563,304.7707904126768
AD564,181.27647640841826
AD565,527.9334496075611
AD566,789.3926516817818
AD567,1102.5236265968806
AD568,673.1525735153976
AD569,125.285785418719
AD570,959.6584686461982
AD571,1030.8232336668034
AD572,842.0332506598978
AD573,653.3740321320766
AD574,1022.5573396991227
AD575,842.8027881846457
AD576,-313.1876945127724
AD577,499.38056192952524
AD578,1111.3307657148675
AD579,832.1406816988052
AD580,220.92156644228214
AD581,23.12562671746707
AD582,295.6155827868906
AD583,1314.8584018636361
AD584,773.6898204605974
AD585,68.36469393152322
AD586,286.61269367990883
AD587,792.3813542366366
AD588,220.96112902080768
AD589,253.8629424815466
AD590,782.361810880495
AD591,820.646524158581
AD592,481.190330321542
AD593,919.3641532497528
AD594,359.82435685875737
AD595,887.3908276178453
AD596,977.397273135089
AD597,1415.2197272666735
AD598,1167.6030428711115
AD599,398.54502367340706
AD600,361.59903622981824
AD601,160.48203296796623
AD602,810.0863601000004
AD603,245.6410013877968
AD604,-19.00525489885956
AD605,670.9538132278202
AD606,939.1621486566056
AD607,55.824537610415405
AD608,450.45403984313396
AD609,666.1128784807862
AD610,-309.9589975019228
AD611,537.8116701445098
AD612,946.1415876162206
AD613,786.1343061032347
AD614,654.0187324634554
AD615,377.3502970384742
AD616,567.4413873010848
AD617,552.3139982962181
AD618,-56.81995271194529
AD619,456.7614883631393
AD620,837.2624827339763
AD621,739.6846454371611
AD622,-66.53868659453747
AD623,945.2036456895249
AD624,942.1858185448174
AD625,457.02731856262324
AD626,488.7246738574207
AD627,877.7094688557999
AD628,216.00572925260144
AD629,803.8102714338837
AD630,455.21397733525
AD631,567.0280492744552
AD632,14.689047321140151
AD633,216.36246107317652
AD634,-92.09989969079987
AD635,70.21121969320302
AD636,513.371637216335
AD637,113.51029172979952
AD638,611.0449894726681
AD639,691.3266001937437
AD640,361.9182654184566
AD641,767.5756631202318
AD642,764.0763454321315
AD643,667.0946837750483
AD644,355.5768398171043
AD645,699.3449300640469
AD646,947.6261149231833
AD647,93.89164514636525
AD648,552.8677895505599
AD649,191.49982761949775
AD650,407.4070802600954
AD651,1066.5715822415054
AD652,738.8330690221311
AD653,435.07149550342524
AD654,730.620389704172
AD655,290.34695360476303
AD656,825.0320965850088
AD657,828.9665203472488
AD658,180.59528509172617
AD659,1212.2251880984536
AD660,503.3717002636455
AD661,1191.7668400506168
AD662,520.4618090565344
AD663,410.2552437009815
AD664,536.8032706907594
AD665,143.63289785749328
AD666,390.7501984613666
AD667,334.15915301086363
AD668,297.0274154807747
AD669,271.7649861386225
AD670,1236.2789634887226
AD671,803.8830619169813
AD672,763.1181579050436
AD673,934.3610069367661
AD674,738.4351042070963
AD675,338.32069872907186
AD676,972.5682142409315
AD677,546.6049030548771
AD678,640.1134892461592
AD679,-63.23685740661074
AD680,936.9409888584838
AD681,1438.9774181766597
AD682,657.4888697773016
AD683,869.654998116096
AD684,423.08921755088784
AD685,1406.153791578713
AD686,1146.874308053912
AD687,475.04711981060643
AD688,1393.140527001612
AD689,575.309746924654
AD690,375.2609053236081
AD691,992.3119944759823
AD692,331.1669422162046
AD693,-177.51707899591707
AD694,-161.10501817006184
AD695,846.6672107457165
AD696,834.1406022811158
AD697,317.7300557422367
AD698,877.8906593332307
AD699,779.2805298765539
AD700,303.2699789971183
AD701,926.2404897415266
AD702,1017.6382855122741
AD703,738.3075340268844
AD704,400.30958118894796
AD705,361.6759178609333
AD706,98.5279753353218
AD707,956.2270902525698
AD708,789.9218981752987
AD709,584.937584299552
AD710,-90.94856615011292
AD711,591.7228790648381
AD712,481.6044978828445
AD713,39.65949339703877
AD714,-329.9440113467676
AD715,395.00582107988885
AD716,786.020822096108
AD717,139.7426061774628
AD718,645.6448666633636
AD719,1001.5717258388505
AD720,-143.03045309818776
AD721,296.68154679816973
AD722,801.9841331771237
AD723,545.4803338552682
AD724,778.5852375634046
AD725,461.68541327557614
AD726,752.138418942919
AD727,1209.0624378350967
AD728,923.0422989177936
AD729,784.7113609550582
AD730,905.2765431374436
AD731,554.4029397364362
AD732,420.5518936966778
AD733,755.7933469000396
AD734,432.90491165114236
AD735,325.8518053963526
AD736,641.6060746149736
AD737,1145.6422759385778
AD738,370.32693359465475
AD739,885.9286838176305
AD740,580.298222138501
AD741,34.45299977922707
AD742,867.1447653653996
AD743,449.1647945652518
AD744,1221.4460404198726
AD745,-113.46062650535822
AD746,-32.44648170895158
AD747,1129.715318623832
AD748,905.5467921632797
AD749,640.5103935982571
AD750,640.1394834658021
AD751,1067.7662119478746
AD752,147.25835598217577
AD753,-199.05495438266632
AD754,813.6778279304659
AD755,490.312092295684
AD756,480.50061337807983
AD757,788.0267220450022
AD758,769.9338963182353
AD759,733.4506650444977
AD760,-136.95197821821677
AD761,1100.0393516376953
AD762,782.5699716965206
AD763,657.5406590041842
AD764,412.70340904199827
AD765,-122.69794287362123
AD766,525.4037279193595
AD767,340.94389991281923
AD768,50.463688513397756
AD769,-241.13504240109233
AD770,237.2617411600953
AD771,-155.21016286398685
AD772,435.2786952031706
AD773,230.46274882525427
AD774,509.5491925057221
AD775,161.84991106910093
AD776,895.7394866973092
AD777,751.8840734659535
AD778,599.5914091723736
AD779,670.8684733069541
AD780,758.269671633003
AD781,644.4475450486062
AD782,578.1825710740098
AD783,634.147261296508
AD784,516.0818892211204
AD785,-39.613242683839076
AD786,306.5336473437118
AD787,339.7951885478575
AD788,485.5528456892539
AD789,806.4131681498635
AD790,239.35694879036282
AD791,987.0032779192612
AD792,1008.0530938013452
AD793,1452.9314966991046
AD794,432.0252457586255
AD795,1068.9151664267142
AD796,873.4540156345867
AD797,1161.2558329345575
AD798,93.50914411666633
AD799,144.29300838160532
AD800,1233.5493196399852
AD801,1157.3013581284972
AD802,284.9882470506434
AD803,818.9603609563322
AD804,159.38391495222515
AD805,955.8092794217777
AD806,21.852817855678268
AD807,1060.9156608503972
AD808,457.64187641100114
AD809,681.8359442562104
AD810,328.01033564653073
AD811,156.7087644138137
AD812,945.025281810042
AD813,518.7145101494344
AD814,1102.2171855859183
AD815,581.2236479647185
AD816,1183.2106244231836
AD817,-125.55312904291549
AD818,560.6311282295607
AD819,-251.1064002607037
AD820,1039.785707297724
AD821,392.26794850398005
AD822,916.6625531493979
AD823,863.6845573045811
AD824,958.0803465758353
AD825,352.9406211030422
AD826,365.93528376369
AD827,576.7271630648683
AD828,391.6713812965503
AD829,555.8846100032985
AD830,526.8517900067692
AD831,-157.75554795920516
AD832,366.58859345269343
AD833,567.0889274964326
AD834,218.22506628007204
AD835,781.4752731505674
AD836,223.07263108203733
AD837,835.6130276688153
AD838,808.7882996039531
AD839,1354.1867065499673
AD840,557.113594363438
AD841,506.4304008610849
AD842,277.01313968122224
AD843,804.7223246987015
AD844,883.4127092695679
AD845,592.1022680458879
AD846,665.4216645357286
AD847,494.31404068335075
AD848,368.37824328901536
AD849,1051.4906594202207
AD850,60.61355998674469
AD851,597.802896590831
AD852,259.6484386719877
AD853,605.4020817930751
AD854,938.4584865689186
AD855,175.57122116636754
AD856,1126.2859559598578
AD857,272.39884148027556
AD858,334.7022578154175
AD859,785.0453128226344
AD860,1379.815269736317
AD861,347.29946628071923
AD862,586.271742356172
AD863,1163.2624131180305
AD864,-9.604509495561388
AD865,671.6046267985797
AD866,1010.9797240625481
AD867,136.11423509621625
AD868,137.0294925200741
AD869,796.8623166602544
AD870,1178.1979932550225
AD871,742.4704381952046
AD872,468.7579584700927
AD873,490.8960655199761
AD874,590.3071246258806
AD875,409.1150633438309
AD876,-110.78431906952096
AD877,1269.8455624342128
AD878,464.42914526709353
AD879,551.9505145777931
AD880,815.4551696089198
AD881,134.60397720751257
AD882,586.4491437928008
AD883,1350.5438976919913
AD884,472.0899890527037
AD885,943.058789057755
AD886,250.68302074568874
AD887,604.3504659982167
AD888,535.5585393231135
AD889,548.0820749019541
AD890,722.5437696076991
AD891,576.0499587013461
AD892,687.0703971312809
AD893,711.0468518744846
AD894,625.8843317112995
AD895,1084.3724404263444
AD896,696.8425795706668
AD897,814.231735334805
AD898,137.63637837092438
AD899,980.0452457441703
AD900,574.299301106861
AD901,416.8674728812715
AD902,433.9967770612069
AD903,614.2498226743709
AD904,69.70501799054432
AD905,1178.222331072327
AD906,996.117211270952
AD907,855.6350978449294
AD908,1274.0686092217866
AD909,253.5783337504829
AD910,531.010201254505
AD911,527.335493607675
AD912,606.884396421057
AD913,1223.4262989218073
AD914,899.4348092947786
AD915,795.732361643852
AD916,-122.84375050644576
AD917,486.65678887981073
AD918,434.742896312924
AD919,797.4594954723035
AD920,651.7343010161438
AD921,-124.87997605864854
AD922,902.4779539950204
AD923,1085.7565874649117
AD924,900.2076428555453
AD925,-266.7185183958989
AD926,649.9230630902349
AD927,675.9179046672267
AD928,-115.56867013301542
AD929,394.3275086309037
AD930,925.9370714523569
AD931,520.4714007449494
AD932,1020.3752555267214
AD933,1047.9941821406956
AD934,253.46182806296383
AD935,1162.9041717366877
AD936,1230.5340847378457
AD937,315.2318603646719
AD938,232.873756876107
AD939,486.3900566359024
AD940,773.8479991572941
AD941,933.1279509703878
AD942,108.5352782609383
AD943,611.1510295658953
AD944,206.31237076501213
AD945,550.6934635609786
AD946,423.9786759673957
AD947,1236.2445317343631
AD948,408.7559836971759
AD949,550.2267697757073
AD950,-376.5996551010161
AD951,38.31217603560276
AD952,506.38277220950465
AD953,727.2086568908088
AD954,-149.10149145174285
AD955,163.76964671186056
AD956,517.2557097242678
AD957,1151.5031464651079
AD958,409.3901248169111
AD959,218.65653165635615
AD960,1248.6525452387682
AD961,891.3393300914842
AD962,548.4264087025009
AD963,789.4630601048258
AD964,621.4103959097773
AD965,750.9580784973667
AD966,778.7940269578149
AD967,1050.1319650069972
AD968,567.5676414665332
AD969,657.8749300262781
AD970,531.2245571739599
AD971,223.06071010235667
AD972,166.41305891876186
AD973,1069.6995003093475
AD974,406.49350459856794
AD975,78.11366398828034
AD976,346.89194182117205
AD977,285.63824892831474
AD978,366.0763587583451
AD979,92.59189254983198
AD980,27.0719351654908
AD981,763.0828326726324
AD982,479.85224650191094
AD983,359.2318033647849
AD984,657.530120240118
AD985,169.87199442783174
AD986,553.4143379448336
AD987,417.9493084352521
AD988,-266.5663231795785
AD989,650.5253686186276
AD990,459.4325164395714
AD991,1057.8767615983284
AD992,-322.1232295081455
AD993,596.5394449101462
AD994,537.3302637209489
AD995,92.16290558164178
AD996,929.7841004765756
AD997,-290.6902872385192
AD998,888.6610183446218
AD999,1097.88571364478
AD1000,367.4009180420553
AD1001,148.17026877401713
AD1002,41.62120453114471
AD1003,677.9835311898165
AD1004,295.5986488682005
AD1005,350.7383052289987
AD1006,319.9327742469819
AD1007,690.8543862421526
AD1008,497.55073509268243
AD1009,370.96904299390576
AD1010,1073.6771143096362
AD1011,1265.3511956161797
AD1012,215.43222981169697
AD1013,113.12200254559934
AD1014,672.5512899287218
AD1015,630.5605478707847
AD1016,923.7096987516667
AD1017,966.7454572537034
AD1018,86.66405992021032
AD1019,703.1327039046347
AD1020,629.9711242274228
AD1021,1409.6021228545037
AD1022,513.5454402682304
AD1023,988.9483394923374
AD1024,995.7573257248442
AD1025,926.2301609415514
AD1026,830.0880152276928
AD1027,421.16963830952784
AD1028,-320.60943103630166
AD1029,895.576530448407
AD1030,936.291106482012
AD1031,581.6319793551271
AD1032,872.845946459858
AD1033,1186.9734821668217
AD1034,753.4356842498506
AD1035,50.07366229578906
AD1036,1153.86263392515
AD1037,318.4288456747486
AD1038,1335.3119521155322
AD1039,566.5369863674233
AD1040,513.121059226114
AD1041,526.2626313719985
AD1042,1045.723445157415
AD1043,1178.5059377395291
AD1044,454.07199218062135
AD1045,909.5789518490125
AD1046,800.5534828032982
AD1047,805.0713259081678
AD1048,184.41153978714556
AD1049,1243.1110813479763
AD1050,-238.35218042609222
AD1051,393.62388299725285
AD1052,168.33274596425474
AD1053,116.46478490996628
AD1054,972.8739890388532
AD1055,472.60343206893924
AD1056,1036.3937216214872
AD1057,1170.435141766046
AD1058,1060.274595409886
AD1059,601.234909061602
AD1060,1397.4174261161015
AD1061,603.4872431215989
AD1062,852.7771942164771
AD1063,574.4670808771942
AD1064,656.9692684133385
AD1065,792.4324482114704
AD1066,1299.0728821918092
AD1067,787.9643683793687
AD1068,-18.801592105121586
AD1069,471.7390461972318
AD1070,818.7160674046848
AD1071,726.3992643192706
AD1072,1055.098919678746
AD1073,938.5236515807666
AD1074,393.742856747979
AD1075,527.0252254068786
AD1076,687.9965179253239
AD1077,848.9024188906088
AD1078,1075.2950790309405
AD1079,1175.2541807248408
AD1080,260.928311577038
AD1081,568.9618798514006
AD1082,1129.960920853212
AD1083,455.58581433431607
AD1084,529.6751628012217
AD1085,603.5618912189799
AD1086,758.5353523177201
AD1087,-158.5937283717604
AD1088,703.6015147670256
AD1089,186.14573173030954
AD1090,1091.4238950843105
AD1091,936.0621263580941
AD1092,383.19537704331435
AD1093,1350.1608895037202
AD1094,599.3793833909182
AD1095,326.32657291726866
AD1096,151.99524452887158
AD1097,262.39301185545946
AD1098,54.13653038953794
AD1099,549.1637620481321
AD1100,560.9935837751001
AD1101,568.9084139539488
AD1102,567.8892901374114
AD1103,552.7890784877783
AD1104,551.0035661227433
AD1105,577.0388231502494
AD1106,555.2644867450352
AD1107,566.3786655429379
AD1108,549.9636898408866
AD1109,566.1977465441454
AD1110,547.804545226638
AD1111,555.8205786179761
AD1112,574.1992986815168
AD1113,567.0196979910794
AD1114,550.9925934957229
AD1115,578.2672637728734
AD1116,551.6489025610296
AD1117,549.7009708488109
AD1118,553.9586380786624
AD1119,550.8346628116593
AD1120,548.873053735797
AD1121,565.1246013198594
AD1122,555.3811706113385
AD1123,549.4507367049542
AD1124,570.0759238211211
AD1125,559.8577761030268
AD1126,556.8913862641292
AD1127,568.0024075525158
AD1128,559.3267078188234
AD1129,569.0840975877587
AD1130,551.0502234907332
AD1131,556.7465443581403
AD1132,549.9977798774995
AD1133,537.8003358983054
AD1134,562.3817655409722
AD1135,555.0478528531415
AD1136,573.0320422996837
AD1137,570.8727937976447
AD1138,562.736377898727
AD1139,549.2140661662651
AD1140,562.1226711626965
AD1141,549.4764202117641
AD1142,570.8962335937023
AD1143,549.5868725517881
AD1144,554.3708174263719
AD1145,568.4221614128036
AD1146,575.5869380784728
AD1147,562.2818104511986
AD1148,558.6782945554452
AD1149,551.9189005055495
AD1150,568.5048293149977
AD1151,553.8162335675189
AD1152,564.8305262054104
AD1153,571.9842340322269
AD1154,570.6521454445768
AD1155,565.7701088995146
AD1156,562.6258003496522
AD1157,542.7719348113068
AD1158,559.71547278783
AD1159,572.9576116158918
AD1160,570.7334677925247
AD1161,559.8981889928147
AD1162,568.2999662909486
AD1163,566.4501948005872
AD1164,557.2130925025691
AD1165,548.5010860184365
AD1166,552.8486786177922
AD1167,548.0310335931407
AD1168,573.3748239723719
AD1169,556.4604027928755
AD1170,559.0218478538651
AD1171,563.0314618739627
AD1172,571.7320292544824
AD1173,556.288369591933
AD1174,567.3493113718124
AD1175,545.0122021774758
AD1176,554.2295064271485
AD1177,565.5023310484715
AD1178,565.3369915037468
AD1179,568.862941088123
AD1180,561.4512450477654
AD1181,563.5713020547167
AD1182,565.2551011279608
AD1183,560.3221087137355
AD1184,571.6952201930814
AD1185,551.6914174337429
AD1186,556.433818262664
AD1187,556.1924494053043
AD1188,560.8238051867023
AD1189,553.9476836625585
AD1190,560.8679763029185
AD1191,563.0234031649255
AD1192,550.2619507564863
AD1193,553.3484975404505
AD1194,542.9717237681788
AD1195,542.3520638600017
AD1196,565.3487770216037
AD1197,577.3277224444624
AD1198,555.1814401477892
AD1199,552.2540882301581
AD1200,571.8953726526473
AD1201,560.3465901299993
AD1202,550.9523343961542
AD1203,561.4955960923452
AD1204,554.5298748679307
AD1205,545.5142036906612
AD1206,552.1473438564486
AD1207,580.3559536921049
AD1208,563.4068846434185
AD1209,558.6274727480323
AD1210,565.959348543788
AD1211,556.9829430045305
AD1212,554.6748891380313
AD1213,560.0592831025721
AD1214,570.144114947764
AD1215,559.9629611270187
AD1216,567.1432365950735
AD1217,558.8487358672124
AD1218,568.194019664231
AD1219,537.190216682434
AD1220,559.8046916090531
AD1221,575.026527332332
AD1222,560.4902530587143
AD1223,564.9552133700937
AD1224,549.2761509534672
AD1225,548.5839378595539
AD1226,576.6248782395841
AD1227,556.1360348531572
AD1228,556.0792466782488
AD1229,548.5629380206764
AD1230,562.6087933263844
AD1231,557.9571966758182
AD1232,555.0094452571055
AD1233,560.5225389171534
AD1234,551.2063272746515
AD1235,565.402157127652
AD1236,564.3165149428133
AD1237,549.5200736448181
AD1238,553.7912284531639
AD1239,561.200278870015
AD1240,557.4135037392965
AD1241,558.3057082655508
AD1242,559.0818377420109
AD1243,561.9916056231835
AD1244,554.7280955447635
AD1245,544.0832800796564
AD1246,578.333708527572
AD1247,551.50426876567
AD1248,560.2868529100853
AD1249,564.9288110464698
AD1250,556.8396734737256
AD1251,555.3588778217594
AD1252,578.1769319926874
AD1253,571.075475586944
AD1254,570.7961568413851
AD1255,552.909095901169
AD1256,550.5811384281961
AD1257,567.6928159234766
AD1258,569.1306487573498
AD1259,569.7143656607046
AD1260,566.7176680311007
AD1261,564.7378287597083
AD1262,557.9510608637119
AD1263,559.8172242815662
AD1264,573.3493119954736
AD1265,563.461933648953
AD1266,547.199425147745
AD1267,562.3628420550627
AD1268,553.3023590397107
AD1269,569.375596470179
AD1270,557.3492846551102
AD1271,555.1867071368057
AD1272,561.3980964916208
AD1273,551.4884062408124
AD1274,554.3742599147423
AD1275,559.7872137628157
AD1276,569.7832124020166
AD1277,558.0849644642561
AD1278,558.0604524445877
AD1279,566.19174220205
AD1280,554.2699599142237
AD1281,579.9155188065505
AD1282,542.3206094227311
AD1283,561.9885076147092
AD1284,552.2301823884853
AD1285,563.6949903969206
AD1286,564.9425755602989
AD1287,572.8409725050491
AD1288,554.5460677793659
AD1289,568.5250904780652
AD1290,571.23538095023
AD1291,539.9812307810736
AD1292,575.8079795437717
AD1293,541.1230451237926
AD1294,557.0962697526155
AD1295,541.1268953771586
AD1296,564.5554115089354
AD1297,562.5688293432837
AD1298,577.5085151632694
AD1299,557.7966649544547
AD1300,556.312166054756
AD1301,554.9958640176616
AD1302,565.5843165396342
AD1303,555.1184370657542
AD1304,545.6963349228839
AD1305,568.0544060718245
AD1306,560.7642072199038
AD1307,559.8178764824407
AD1308,567.010566875644
AD1309,564.5202418583104
AD1310,571.6530965898108
AD1311,549.8404656780436
AD1312,558.3824073973088
AD1313,572.1382625627169
AD1314,552.6101316234336
AD1315,557.9190695193539
AD1316,552.2826144626541
AD1317,554.907358263769
AD1318,537.0790125210568
AD1319,552.6532368675447
AD1320,570.9163322954176
AD1321,558.6297847729587
AD1322,561.6984779757444
AD1323,573.5724853212135
AD1324,573.4362250045416
AD1325,554.1180992360277
AD1326,567.8992829407367
AD1327,556.5840753389808
AD1328,557.2401908357866
AD1329,566.6756410308845
AD1330,570.1528654629707
AD1331,552.1633897250962
AD1332,570.3288201838637
AD1333,557.3531564090478
AD1334,803.2842627220715
AD1335,570.2221648329975
AD1336,-1.039085626028509
AD1337,-89.66832801592898
AD1338,-48.53054097549358
AD1339,448.23471438984166
AD1340,463.07781592544734
AD1341,1019.1250845438186
AD1342,403.5748608636644
AD1343,521.8299382385607
AD1344,227.54277237643112
AD1345,1154.8979653546367
AD1346,1263.5420580182308
AD1347,813.5007872726109
AD1348,101.28280709171713
AD1349,459.1660542874198
AD1350,708.138784223613
AD1351,191.88024605831845
AD1352,459.5240805262341
AD1353,427.44358909690004
AD1354,-240.6486150392272
AD1355,513.0209960716601
AD1356,91.437283257991
AD1357,-72.91463530596604
AD1358,-210.1457759400039
AD1359,598.424554141218
AD1360,53.4916527004458
AD1361,236.99149709337416
AD1362,677.7089310079151
AD1363,407.80008424051766
AD1364,124.16734486640303
AD1365,682.5652597240613
AD1366,576.2912620925421
AD1367,676.7180326409133
AD1368,985.5693983890186
AD1369,623.0290778310872
AD1370,931.7864351370462
AD1371,327.4350344892124
AD1372,29.13688119639744
AD1373,707.151729918024
AD1374,-56.837414217210835
AD1375,1051.5529414239973
AD1376,471.55579811563985
AD1377,1085.606363399415
AD1378,1051.8345726950251
AD1379,498.08703467242856
AD1380,23.755374669721164
AD1381,601.0008376382604
AD1382,13.807406645718288
AD1383,298.7546933443159
AD1384,1098.5446232794807
AD1385,139.22817654510231
AD1386,1479.9041579393474
AD1387,532.4834612423598
AD1388,435.2250799190649
AD1389,791.8039880563839
AD1390,546.5083364318926
AD1391,837.6045939393508
AD1392,547.6530967259822
AD1393,883.9856421575013
AD1394,468.57447300559375
AD1395,1258.8134478322936
AD1396,442.86200493955346
AD1397,170.5297802849949
AD1398,-101.28856859175664
AD1399,909.8563865386271
AD1400,1306.6755277808375
AD1401,1006.2592759306361
AD1402,338.8587713957336
AD1403,877.1282203510533
AD1404,290.836777764726
AD1405,1211.4109012648978
AD1406,633.7129787169964
AD1407,-6.497134027982838
AD1408,799.5848643815092
AD1409,1306.9862635169861
AD1410,471.9566749974555
AD1411,543.2131334277113
AD1412,800.9104227644303
AD1413,251.4695456786469
AD1414,179.10399220744785
AD1415,116.51178875558685
AD1416,916.4730655496588
AD1417,518.0928231935453
AD1418,1260.3985943654188
AD1419,203.71964957945056
AD1420,397.4051261416679
AD1421,177.75458182199043
AD1422,632.4898653162962
AD1423,850.4324806405467
AD1424,40.61283232032201
AD1425,899.900488667089
AD1426,811.8596777932822
AD1427,321.51876168425736
AD1428,-74.97484230319736
AD1429,1192.562743728396
AD1430,1211.2239581708363
AD1431,1026.7863336867536
AD1432,562.1833185099157
AD1433,1394.085550734561
AD1434,5.404175500073848
AD1435,953.4989364746333
AD1436,489.40364995667403
AD1437,620.6795068158527
AD1438,314.4603989388063
AD1439,306.00665206458564
AD1440,-228.6358338470866
AD1441,566.4574658593841
AD1442,635.962151169554
AD1443,673.1364844032654
AD1444,260.95066624123797
AD1445,1505.5375034798872
AD1446,546.6413554499787
AD1447,1244.7354795794804
AD1448,498.17290927450983
AD1449,71.8317463497242
AD1450,131.8275200962837
AD1451,305.41801027558927
AD1452,404.57853183229304
AD1453,104.56828016853694
AD1454,1337.550109092058
AD1455,748.4463467570423
AD1456,136.88878693845072
AD1457,273.62236991452255
AD1458,543.2104316861099
AD1459,450.03438544505445
AD1460,650.9555082771493
AD1461,1303.059633687957
AD1462,529.871783865476
AD1463,76.29022057844179
AD1464,885.8444346994035
AD1465,6.237271627650557
AD1466,-139.1634475935855
AD1467,453.6106090277593
AD1468,-135.14586870579723
AD1469,604.133855557331
AD1470,587.4130650435392
AD1471,326.75150819040425
AD1472,523.5338883178875
AD1473,-299.4179092388293
AD1474,840.9046089604038
AD1475,573.5538734122177
AD1476,1061.0688046894356
AD1477,947.7345390065835
AD1478,490.9706441563859
AD1479,389.94991968355
AD1480,974.7012502880967
AD1481,658.2008821085586
AD1482,40.26750237740987
AD1483,209.58986961868152
AD1484,642.8143887511623
AD1485,185.3352466593741
AD1486,-25.60426982637688
AD1487,639.6170562248764
AD1488,826.7394547166983
AD1489,-92.47299383740182
AD1490,556.3334876983209
AD1491,619.8989697118112
AD1492,841.4134931630721
AD1493,1072.619238768983
AD1494,645.9120013123276
AD1495,24.316994930356827
AD1496,1221.9438349648458
AD1497,555.8790393731448
AD1498,-48.52161488816216
AD1499,580.9479449397649
AD1500,711.7533151469373
AD1501,10.199960800229746
AD1502,1254.9735715479083
AD1503,280.22553075292717
AD1504,734.0136352467688
AD1505,1000.892884765991
AD1506,622.3870939023744
AD1507,753.7932803229204
AD1508,666.9643604130885
AD1509,112.55175295499373
AD1510,921.9344578475306
AD1511,591.8415727121784
AD1512,722.1353029774031
AD1513,508.29996727118703
AD1514,1008.5335348633147
AD1515,684.3361761944271
AD1516,740.4251749437759
AD1517,1445.0054170546186
AD1518,-109.46341426843327
AD1519,526.5294829674591
AD1520,461.7757590543504
AD1521,30.805296405639638
AD1522,543.2509117044905
AD1523,716.0644629589293
AD1524,573.7662640458667
AD1525,548.1499101860403
AD1526,223.00725586868305
AD1527,579.9855200608055
AD1528,846.0766529896742
AD1529,1447.8932246396084
AD1530,315.61650542301516
AD1531,438.3185137050567
AD1532,1158.0209308363642
AD1533,514.16342239315
AD1534,629.6120316364965
AD1535,624.2193661116413
AD1536,418.2149948291427
AD1537,1121.8283851041247
AD1538,-279.33234120599514
AD1539,620.8731795432572
AD1540,1192.0305130403162
AD1541,928.6246137800009
AD1542,515.1718031254937
AD1543,457.14373372222656
AD1544,76.57258960063837
AD1545,750.5935914676455
AD1546,939.4755257810754
AD1547,557.1018509242891
AD1548,-67.48800978891461
AD1549,799.0210909733033
AD1550,640.8863907669321
AD1551,423.50937469177677
AD1552,12.371838945909644
AD1553,583.694234184639
AD1554,305.00680060455716
AD1555,708.4785783400329
AD1556,8.324186592297679
AD1557,653.2024736876023
AD1558,983.5722592512315
AD1559,202.07296678256944
AD1560,709.2227709353855
AD1561,783.9346071470612
AD1562,1319.2265331835374
AD1563,669.4437067596565
AD1564,805.2418875272439
AD1565,907.3765823485338
AD1566,74.48377059517156
AD1567,311.58397824964834
AD1568,1086.1450262163808
AD1569,-322.25023854331084
AD1570,1205.7715132104768
AD1571,858.4994926877001
AD1572,985.964983354443
AD1573,1152.4990676507564
AD1574,578.2236700280708
AD1575,694.1782160613415
AD1576,-52.66788041935189
AD1577,-88.55986169399387
AD1578,828.6162119167965
AD1579,-101.50785980785798
AD1580,187.28279237210802
AD1581,692.7338946394644
AD1582,228.38522542603312
AD1583,1356.3236987763094
AD1584,369.2512715382294
AD1585,-40.81847028655318
AD1586,127.44719700288431
AD1587,860.4143175725106
AD1588,154.1835604088301
AD1589,296.9438684145191
AD1590,126.456833086801
AD1591,241.94620374296278
AD1592,997.8816679030675
AD1593,594.5293133987537
AD1594,320.53881611361805
AD1595,184.3408937200611
AD1596,357.39050147107366
AD1597,159.16544972039287
AD1598,504.98539543122376
AD1599,579.7887670853544
AD1600,34.30697374216527
AD1601,-50.66066542839371
AD1602,178.01584395373743
AD1603,323.716046538887
AD1604,57.32144284941512
AD1605,262.5001033334446
AD1606,1442.8998535220876
AD1607,570.9138758070518
AD1608,153.56370400998003
AD1609,1122.4390028474263
AD1610,236.99087425447863
AD1611,-73.97177895856225
AD1612,645.6213529474304
AD1613,853.0305989951654
AD1614,1468.8635248464561
AD1615,1085.0285467167155
AD1616,276.41967539081236
AD1617,376.08244910860765
AD1618,607.4948773552131
AD1619,723.2016047619289
AD1620,352.6367114481476
AD1621,161.65965751192994
AD1622,432.2434080677134
AD1623,452.4588170325575
AD1624,972.0285252953666
AD1625,1116.077243958935
AD1626,121.70911869720658
AD1627,691.5553530596609
AD1628,428.49245381189826
AD1629,509.9991609244886
AD1630,303.0716106662727
AD1631,559.2046182503569
AD1632,195.35902568370284
AD1633,1424.8915648776983
AD1634,555.7186805143205
AD1635,1020.0412941452809
AD1636,405.1444202174172
AD1637,1085.901260646826
AD1638,-76.33241973247198
AD1639,285.8108583135398
AD1640,617.9794450791479
AD1641,356.0591722657423
AD1642,286.7614683053513
AD1643,816.9486701271654
AD1644,414.0938906590891
AD1645,593.8989185856443
AD1646,541.4938864157313
AD1647,356.9783953974671
AD1648,958.3194923838665
AD1649,1165.6648541065883
AD1650,602.3428635741797
AD1651,327.8605235781289
AD1652,817.4493685107676
AD1653,1017.2453889034576
AD1654,-244.73917660548653
AD1655,451.7103502868164
AD1656,-56.78846382874724
AD1657,537.4284693090154
AD1658,78.70496925969758
AD1659,1081.189478941798
AD1660,934.2278427819575
AD1661,1398.9902924592598
AD1662,623.741301812578
AD1663,235.65618800774234
AD1664,27.50787759444438
AD1665,252.30613096000548
AD1666,342.314647193512
AD1667,461.61533629208395
AD1668,121.56397584524143
AD1669,-131.8835080750295
AD1670,857.8052676458889
AD1671,992.8087539310226
AD1672,555.1507529059289
AD1673,77.56778960116208
AD1674,998.5593906719263
AD1675,164.29805648924957
AD1676,139.24315456403656
AD1677,1202.6010507553956
AD1678,580.8436949069475
AD1679,461.9565392455539
AD1680,1134.5846521630224
AD1681,88.9736663541554
AD1682,966.6334995341552
AD1683,1161.7663923387513
AD1684,744.2239275251121
AD1685,-20.552465567609715
AD1686,853.466246840785
AD1687,0.5419058637571652
AD1688,852.6958769164997
AD1689,569.509028923692
AD1690,1095.1932730639824
AD1691,1316.872362056049
AD1692,824.8071157023934
AD1693,312.17376574299954
AD1694,18.757754100425018
AD1695,455.76587000455197
AD1696,203.9476227432001
AD1697,781.1129740194543
AD1698,239.45815061692338
AD1699,15.228425529960646
AD1700,1301.2029282140684
AD1701,83.13669945313347
AD1702,178.3365679403754
AD1703,411.37854897567354
AD1704,396.85884982008565
AD1705,698.8000687537404
AD1706,-193.28195146085375
AD1707,862.3598156133336
AD1708,1053.2287899409994
AD1709,556.9249284322169
AD1710,483.209489520783
AD1711,552.9695558534373
AD1712,380.11411932125634
AD1713,354.5325156964251
AD1714,533.6921540363452
AD1715,529.9366559255819
AD1716,386.82732717198985
AD1717,604.3458919418678
AD1718,220.3584586284445
AD1719,-289.1359462045581
AD1720,1018.1520762771896
AD1721,872.9509701532983
AD1722,595.9336961027094
AD1723,370.58024504612865
AD1724,568.9161036065476
AD1725,21.138557383944885
AD1726,-210.19986797751136
AD1727,740.432428867268
AD1728,1084.6495658169079
AD1729,253.31214343917065
AD1730,931.2559726900839
AD1731,305.7641549685029
AD1732,456.4277002115721
AD1733,525.978850226472
AD1734,247.52314948597473
AD1735,440.0945760986589
AD1736,956.9722948479272
AD1737,372.1906234931538
AD1738,974.7717391075142
AD1739,-357.6893390484213
AD1740,218.2566058537259
AD1741,-98.81104519661477
AD1742,62.947109078111566
AD1743,426.0665118298507
AD1744,1321.4991609194412
AD1745,1127.3042820746873
AD1746,908.990417406285
AD1747,733.2775208971244
AD1748,1245.1153368542818
AD1749,1121.7774732904868
AD1750,1013.0133569451656
AD1751,287.4308935700617
AD1752,960.2697801336591
AD1753,1387.8005570145356
AD1754,-32.984402089615855
AD1755,-129.8321476311711
AD1756,-197.48553279783266
AD1757,1163.244755532894
AD1758,1127.8976277014604
AD1759,-7.949436083458181
AD1760,387.1270021047462
AD1761,661.2784095491078
AD1762,286.7791654121978
AD1763,184.1252421814503
AD1764,234.46925394262257
AD1765,777.9883480923755
AD1766,413.1930323634599
AD1767,1144.05692621039
AD1768,869.6985641237205
AD1769,362.48555277516914
AD1770,606.8721267533989
AD1771,591.4182016363326
AD1772,472.4132589269715
AD1773,522.4371895593259
AD1774,-254.04909741276117
AD1775,1319.8070564561294
AD1776,1327.9781876005627
AD1777,754.9387295974749
AD1778,392.18077757194135
AD1779,257.65467636219194
AD1780,1139.0508561849533
AD1781,842.9074987506064
AD1782,1007.0692976528686
AD1783,467.42277965363587
AD1784,599.1616266042466
AD1785,878.0768718518428
AD1786,-210.66952610963966
AD1787,610.5902188230201
AD1788,295.0297629138761
AD1789,74.75100303736428
AD1790,394.5499365944203
AD1791,1247.8276319285842
AD1792,1105.3811390977894
AD1793,394.87542743335825
AD1794,-179.7387125313939
AD1795,768.8121466220401
AD1796,76.6483784680529
AD1797,921.8313402131113
AD1798,-122.84581280208647
AD1799,602.2542685853881
AD1800,117.71764070721667
AD1801,767.9129581943763
AD1802,1182.0937415220524
AD1803,154.12768567155297
AD1804,-45.12102789575073
AD1805,1204.9866185206388
AD1806,872.7490537150951
AD1807,333.2387537404902
AD1808,819.6596922475611
AD1809,261.7473338047954
AD1810,561.6938078685281
AD1811,945.2458008299437
AD1812,562.8048526594106
AD1813,729.2682686739082
AD1814,984.3703508244761
AD1815,118.30330373327763
AD1816,635.5861855023865
AD1817,679.5835349805776
AD1818,502.62354671239143
AD1819,538.0972194828947
AD1820,-306.0147763943906
AD1821,617.1387784851362
AD1822,10.596686664664844
AD1823,1017.1100978599162
AD1824,1426.312890663447
AD1825,1371.7485265156033
AD1826,767.0730514370993
AD1827,925.2063686668572
AD1828,383.6519042400613
AD1829,937.2106236970038
AD1830,82.66388357946198
AD1831,334.1773182917483
AD1832,80.28050254539039
AD1833,914.4966519957578
AD1834,875.5332066326858
AD1835,909.7516096588535
AD1836,372.4222221392673
AD1837,783.0411692760784
AD1838,402.1039975869246
AD1839,1036.892926816572
AD1840,395.89572258142243
AD1841,685.275513622203
AD1842,576.9115045313723
AD1843,-174.73573152774867
AD1844,627.6874442230895
AD1845,516.0731628593334
AD1846,645.6106186102671
AD1847,1417.8548747319828
AD1848,1274.4412247074583
AD1849,671.9210693655208
AD1850,84.61243027871637
AD1851,-138.58235565151034
AD1852,-307.29678560692264
AD1853,724.6770051322047
AD1854,98.30680590534564
AD1855,545.9312485310915
AD1856,108.81816735519067
AD1857,488.5094794894179
AD1858,970.4479583424148
AD1859,751.5466692133381
AD1860,685.7519008860426
AD1861,1011.0156068211032
AD1862,793.1409671389464
AD1863,552.3757733710125
AD1864,1050.7563982893425
AD1865,1011.1143087393649
AD1866,598.8587739064448
AD1867,762.5241935263776
AD1868,752.35853933753
AD1869,151.30056086157174
AD1870,638.6159513831718
AD1871,653.1579691744499
AD1872,496.3920988724525
AD1873,550.6914801814611
AD1874,65.36754585549204
AD1875,715.6885576189478
AD1876,263.7795716711224
AD1877,645.1992543026141
AD1878,548.2889834258314
AD1879,168.24486059373316
AD1880,297.1658084160629
AD1881,613.8253003188944
AD1882,649.2128494922853
AD1883,66.08201339120308
AD1884,782.0028774536362
AD1885,-162.98497339003103
AD1886,880.6540898709301
AD1887,1253.0405510693845
AD1888,224.5652993200332
AD1889,-135.69246502796125
AD1890,-110.3722879373401
AD1891,1136.537369657853
AD1892,491.4889788235424
AD1893,725.1512823798274
AD1894,346.086267180228
AD1895,553.1011628435496
AD1896,1028.5117116197794
AD1897,-0.4891162367769084
AD1898,153.9922920237634
AD1899,284.05091893770657
AD1900,700.8768331686748
AD1901,79.34964976871481
AD1902,1248.7305146727517
AD1903,-183.30401808786354
AD1904,565.6462807535853
AD1905,1082.2031218715247
AD1906,1041.1923737077923
AD1907,998.1019626532487
AD1908,830.9900650269379
AD1909,-41.14271738823635
AD1910,1302.7790188785093
AD1911,335.73626569313194
AD1912,196.20025387777787
AD1913,-82.57689752898358
AD1914,76.90572056356416
AD1915,666.1619804826058
AD1916,632.7717705700812
AD1917,1433.5384767633973
AD1918,1091.1892774769053
AD1919,-17.700299247832277
AD1920,-223.55942457326944
AD1921,696.5365197145835
AD1922,501.79830659570155
AD1923,916.093457241375
AD1924,31.871467428335336
AD1925,607.2209001888526
AD1926,148.09892610202837
AD1927,39.95412323320136
AD1928,478.4981101099406
AD1929,908.9127957666132
AD1930,-124.57639254174217
AD1931,479.37610027778715
AD1932,759.6900461397673
AD1933,266.772772007797
AD1934,932.9300057604129
AD1935,743.2579858635753
AD1936,400.2061710524779
AD1937,483.33080259805934
AD1938,838.3031806680104
AD1939,-89.81864158198516
AD1940,1083.3939879970653
AD1941,249.36600423102357
AD1942,-96.95894330016745
AD1943,1301.2334622288072
AD1944,658.8412313145112
AD1945,26.8650716007852
AD1946,786.5385618355452
AD1947,553.7460013111407
AD1948,726.3880952958117
AD1949,-340.09760312332367
AD1950,1079.4752993412208
AD1951,819.1652578995744
AD1952,382.78080019038146
AD1953,468.63454206770007
AD1954,1097.5233726868018
AD1955,452.9079186951235
AD1956,1163.6156940850442
AD1957,171.34973322374583
AD1958,-204.67075310503378
AD1959,456.07457116024307
AD1960,520.8107696617939
AD1961,1083.7977551945119
AD1962,-318.3181667045019
AD1963,361.6967423399624
AD1964,419.9689202600331
AD1965,672.7780881181073
AD1966,988.5573784439413
AD1967,695.2339751825131
AD1968,97.52615179284908
AD1969,165.9260577698726
AD1970,985.6962113112926
AD1971,-153.78335633004423
AD1972,-262.7144826072598
AD1973,81.92124248683876
AD1974,575.784530089947
AD1975,33.768169216674664
AD1976,456.7714328572041
AD1977,1014.8710845667784
AD1978,263.6688901547824
AD1979,382.784413883958
AD1980,192.7682905710659
AD1981,522.2879049124682
AD1982,718.2836915991223
AD1983,801.1900564002445
AD1984,717.9524563406418
AD1985,811.8538969291609
AD1986,323.295654719392
AD1987,807.583765339804
AD1988,1007.2870957845481
AD1989,1137.2923258920096
AD1990,743.6458065849027
AD1991,707.7129755507107
AD1992,844.6421367391796
AD1993,681.9677255608432
AD1994,428.6496495171855
AD1995,232.88616905484798
AD1996,329.38911576049713
AD1997,-306.4156348306117
AD1998,1187.2251141533338
AD1999,725.6586132017709
AD2000,31.961043038616367
AD2001,716.5047339554236
AD2002,609.5415822853253
AD2003,333.261957074472
AD2004,376.1923944466938
AD2005,675.2473676923452
AD2006,-63.99783493683441
AD2007,741.8734889052406
AD2008,286.56240419446135
AD2009,585.8276293428138
AD2010,759.1742966053081
AD2011,1039.714035147059
AD2012,1047.8157918700945
AD2013,777.6676023554375
AD2014,1195.4839986650154
AD2015,389.7606413506709
AD2016,-380.581182359893
AD2017,226.01744939343462
AD2018,1377.7067024488524
AD2019,435.38602995940005
AD2020,467.9894314715168
AD2021,573.2304081269612
AD2022,759.8209189202738
AD2023,1065.288250356265
AD2024,538.5900585712274
AD2025,635.8462231226657
AD2026,919.5501699686755
AD2027,270.20984975139186
AD2028,362.6710718234589
AD2029,552.888057031846
AD2030,42.82386344131862
AD2031,473.9900210956897
AD2032,754.1691583439268
AD2033,826.6961562139412
AD2034,856.9144271485776
AD2035,647.9053419339738
AD2036,1241.0631133872375
AD2037,-238.4434865754638
AD2038,820.8600876925783
AD2039,512.9559254643881
AD2040,267.2625114528696
AD2041,476.30998333754917
AD2042,702.3043934684466
AD2043,508.4301540185319
AD2044,217.96066320425587
AD2045,489.8316143862927
AD2046,121.46810958447395
AD2047,494.0220003074529
AD2048,684.1439382106133
AD2049,302.3174930906039
AD2050,1095.1811557359042
AD2051,624.1379219087747
AD2052,182.04513677461478
AD2053,143.8098875150289
AD2054,387.62938637379796
AD2055,784.2566029442279
AD2056,320.93438623700354
AD2057,1064.1538573192306
AD2058,222.78353921116582
AD2059,533.4820873975124
AD2060,-45.081893715047784
AD2061,760.9754743891591
AD2062,385.8069319135677
AD2063,943.0705059640162
AD2064,922.8320480099102
AD2065,699.7272946040922
AD2066,143.1040455714283
AD2067,1148.5296144671574
AD2068,626.1979493931061
AD2069,559.8006308056694
AD2070,-38.48675877527836
AD2071,936.9312043053341
AD2072,1164.1267959133452
AD2073,284.05840337954044
AD2074,664.7905343467756
AD2075,1082.5429470600943
AD2076,1135.1123510420962
AD2077,1034.6158458591926
AD2078,459.45278437781803
AD2079,812.944237946018
AD2080,511.86387299669343
AD2081,843.9030356744576
AD2082,98.62161530651372
AD2083,576.1672918115397
AD2084,1385.832577756572
AD2085,386.81830750709264
AD2086,616.0529746987373
AD2087,678.8807376064905
AD2088,753.6755578321032
AD2089,605.3358614239304
AD2090,-250.20064257283445
AD2091,661.3188008147077
AD2092,381.7004911221669
AD2093,510.8074275587368
AD2094,389.48440001886866
AD2095,285.8636922657072
AD2096,423.1912642723174
AD2097,507.8624574384436
AD2098,842.3713612025991
AD2099,238.55084428816997
AD2100,650.0162015779641
AD2101,1165.9200448589186
AD2102,995.4296637388735
AD2103,894.3750671434963
AD2104,-48.99116638488442
AD2105,643.5538736265302
AD2106,625.544087290002
AD2107,361.927398956944
AD2108,338.4129479138094
AD2109,67.21119282412917
AD2110,363.01657755406563
AD2111,872.5290592210514
AD2112,931.7699436000793
AD2113,1165.5789081987032
AD2114,-298.5225412374161
AD2115,865.752649260886
AD2116,983.4426916670005
AD2117,368.8685617521443
AD2118,616.0618896386294
AD2119,487.7587299254577
AD2120,283.906919856199
AD2121,-172.36237624569458
AD2122,752.2577274054971
AD2123,692.5270542598313
AD2124,1115.5919985366268
AD2125,639.2456021950558
AD2126,336.46450007363
AD2127,73.71351000488653
AD2128,305.33207426204376
AD2129,151.61373218188135
AD2130,452.83219812041466
AD2131,-306.6921407099058
AD2132,-161.90526057421948
AD2133,1067.3211988928297
AD2134,609.6256479632613
AD2135,188.2852671581744
AD2136,758.6909319917153
AD2137,1066.2388710771647
AD2138,1132.9728225766607
AD2139,592.4198601443651
AD2140,729.942262285209
AD2141,783.8376349732515
AD2142,774.4318952346456
AD2143,900.6291531885469
AD2144,1303.6940846304992
AD2145,1060.2376747685926
AD2146,560.9999197092937
AD2147,1010.0598895869003
AD2148,415.0833797227094
AD2149,516.7047437220693
AD2150,683.7733330814532
AD2151,340.4480834535934
AD2152,553.331652888511
AD2153,533.3771962072941
AD2154,1072.932504266208
AD2155,966.3248932781436
AD2156,323.19907870708573
AD2157,-101.98898703696659
AD2158,714.3662500018644
AD2159,724.6522400907999
AD2160,1058.4282767903383
AD2161,553.7792654778008
AD2162,696.8876909947888
AD2163,342.40815851979505
AD2164,732.3792571843654
AD2165,-72.28366427139895
AD2166,95.4860881465604
AD2167,1292.2712293071786
AD2168,529.8512571015073
AD2169,1031.056263971312
AD2170,1139.9291085705277
AD2171,1.0382530708242257
AD2172,831.5734308128209
AD2173,919.0299405508237
AD2174,974.7005503070144
AD2175,112.27045633521266
AD2176,643.41712054681
AD2177,1102.7929112897955
AD2178,475.75508153839314
AD2179,1023.2004205422191
AD2180,972.2229897836838
AD2181,410.3737365786412
AD2182,179.37852742996847
AD2183,180.2724270609317
AD2184,845.3791043520922
AD2185,1010.270494874719
AD2186,353.67807156865933
AD2187,337.4961093258645
AD2188,693.6895967382976
AD2189,494.23596310525147
AD2190,214.8264855665244
AD2191,1416.3376667274242
AD2192,723.4912422140927
AD2193,-82.96980639138167
AD2194,331.1146634696306
AD2195,326.8957209603201
AD2196,391.8531080944807
AD2197,385.407350159118
AD2198,1236.3090266999275
AD2199,656.487403953456
AD2200,642.5262494936075
AD2201,239.2147806429307
AD2202,1014.6469459940478
AD2203,316.3515718831826
AD2204,302.099472658468
AD2205,603.3366517832486
AD2206,161.85846667235649
AD2207,212.47299754612663
AD2208,541.0731416973464
AD2209,364.2423167330767
AD2210,271.4939449403754
AD2211,629.0264178517449
AD2212,883.4701430927047
AD2213,425.28955976713075
AD2214,740.0858324624143
AD2215,98.16429682237981
AD2216,149.03540848345062
AD2217,753.2665926939914
AD2218,816.3948649465668
AD2219,778.7279319619662
AD2220,552.7550908500381
AD2221,427.5881112771135
AD2222,559.5542072783572
AD2223,639.0792169184568
AD2224,641.2494019768254
AD2225,252.89462317364917
AD2226,102.92706025449525
AD2227,410.98105946743703
AD2228,14.96282369370249
AD2229,278.2601603251128
AD2230,1293.038771073951
AD2231,61.36654073577529
AD2232,694.9310504151139
AD2233,681.9258558472555
AD2234,1024.6693990268718
AD2235,434.2826161586107
AD2236,218.06746686051906
AD2237,841.8778173751556
AD2238,240.26774849559274
AD2239,388.0823060404457
AD2240,235.6192602078462
AD2241,1321.179275808971
AD2242,-16.566628471361582
AD2243,204.09964323605118
AD2244,1136.9942805119408
AD2245,26.762223256802145
AD2246,332.1022539930277
AD2247,230.0243031763738
AD2248,760.5561849555842
AD2249,606.1610446452304
AD2250,-114.3943759901075
AD2251,577.7337116149366
AD2252,965.4705992019902
AD2253,63.35257919834953
AD2254,358.5234536830608
AD2255,644.0957374877224
AD2256,794.0017509223604
AD2257,607.9453125185565
AD2258,682.4044191893266
AD2259,760.0901961265073
AD2260,202.9106371126054
AD2261,706.3744169419084
AD2262,43.03800216725779
AD2263,272.08645538406904
AD2264,377.47085914548484
AD2265,769.1087887924951
AD2266,979.8258731480231
AD2267,1381.1667499509335
AD2268,836.9049771219321
AD2269,371.45196861524175
AD2270,748.2018324030404
AD2271,774.1117858024048
AD2272,696.7570620360294
AD2273,753.0795641569235
AD2274,146.0399116043808
AD2275,68.54378543344399
AD2276,762.5209026950544
AD2277,460.9682174830642
AD2278,433.20002613532006
AD2279,1520.1593018856888
AD2280,989.9706067957683
AD2281,384.37794618104226
AD2282,1324.6824158482964
AD2283,16.63505265042818
AD2284,320.22875733257706
AD2285,436.0827098981149
AD2286,884.2135175805396
AD2287,588.522481865804
AD2288,521.5272422886732
AD2289,852.4030720986833
AD2290,487.8275386588165
AD2291,274.506695651359
AD2292,918.930163619678
AD2293,163.43866769108115
AD2294,675.1325525964784
AD2295,51.332666043525364
AD2296,-139.82855392815407
AD2297,815.1514396535123
AD2298,-6.014069771678919
AD2299,1127.905544165179
AD2300,849.674203753499
AD2301,222.87543471621166
AD2302,429.0555056049034
AD2303,539.4953127618402
AD2304,1033.747226439726
AD2305,906.6106666391321
AD2306,641.5340058684832
AD2307,1233.707943564265
AD2308,473.51947206394266
AD2309,252.77054084769395
AD2310,1107.3099332053007
AD2311,850.5662628025667
AD2312,444.13455275745355
AD2313,387.61929025589905
AD2314,757.861024619683
AD2315,868.0063524529197
AD2316,1031.769868958961
AD2317,680.0084213231299
AD2318,-23.84924598463624
AD2319,690.5114927757792
AD2320,952.3385348763928
AD2321,811.8231227414127
AD2322,655.3671466925438
AD2323,182.39960640421452
AD2324,192.57905272878304
AD2325,217.89255233052586
AD2326,958.1209973742824
AD2327,422.49445283171667
AD2328,587.877877245527
AD2329,536.7576362257761
AD2330,5.195455733281506
AD2331,0.11155290008980501
AD2332,591.2710665062585
AD2333,232.91329246254156
AD2334,-220.49104697338885
AD2335,328.7931823597812
AD2336,1142.2265557580163
AD2337,-76.6967962956457
AD2338,-2.2819437902347772
AD2339,887.6730955057684
AD2340,-51.258082467479994
AD2341,555.4482201049321
AD2342,540.5474017619462
AD2343,1280.3500480153739
AD2344,247.33458013159486
AD2345,996.0562764870334
AD2346,451.20521276370437
AD2347,531.0272181758088
AD2348,34.340560941755484
AD2349,762.2522548321173
AD2350,1020.7825723353268
AD2351,635.5188876200822
AD2352,1229.3046538667663
AD2353,-41.42770134229721
AD2354,-5.072653624015629
AD2355,-301.4653194043304
AD2356,662.9583731132451
AD2357,-15.189363301261551
AD2358,118.1917735264118
AD2359,615.4446201159795
AD2360,1087.2576520339362
AD2361,131.63023612221116
AD2362,708.7513461945479
AD2363,397.4014209683336
AD2364,-132.13613048815904
AD2365,83.06990474686847
AD2366,369.14555120127136
AD2367,750.8518964982856
AD2368,-124.89961459649373
AD2369,404.4920895847838
AD2370,134.0200512861943
AD2371,-12.8704234381064
AD2372,906.8113345952905
AD2373,-131.96942071350037
AD2374,353.1534605724072
AD2375,476.1289912942592
AD2376,675.5375589942181
AD2377,858.5335340102666
AD2378,343.32164121377366
AD2379,-220.99692973434782
AD2380,579.2341998861149
AD2381,249.4155222975163
AD2382,-347.3704969871035
AD2383,313.18508546203975
AD2384,798.0120403204252
AD2385,623.7178894766729
AD2386,547.9831393186531
AD2387,619.3033499817947
AD2388,672.6093627337924
AD2389,285.878815575208
AD2390,664.5736635682707
AD2391,1141.7268541456256
AD2392,121.61304352820503
AD2393,554.71512963409
AD2394,582.8272445288709
AD2395,560.953561028968
AD2396,566.5720664565866
AD2397,552.6325830119571
AD2398,553.6197157592
AD2399,562.3760343090804
AD2400,544.9494871404253
AD2401,559.1503678505125
AD2402,561.2473051907406
AD2403,570.8676181262862
AD2404,548.1484714728673
AD2405,550.2131883134467
AD2406,570.5504199987871
AD2407,549.8072012492286
AD2408,566.4104607804612
AD2409,550.9519420396351
AD2410,577.22740573112
AD2411,509.7155414973196
AD2412,682.2176079342374
AD2413,324.39364654107226
AD2414,1397.0909700935294
AD2415,687.5923823316645
AD2416,638.8919325888493
AD2417,693.9579543566803
AD2418,1009.0401339429026
AD2419,575.883581174889
AD2420,789.1619993279097
AD2421,940.9809861452003
AD2422,343.0470297919129
AD2423,578.5423369211459
AD2424,421.14518957373025
AD2425,375.6752553444978
AD2426,712.557258695544
AD2427,168.3148658693491
AD2428,766.4062840558614
AD2429,427.217633268766
AD2430,604.4971244266577
AD2431,966.6815781610336
AD2432,768.2156477187351
AD2433,33.13230133737386
AD2434,967.3773255415009
AD2435,1410.3007257520085
AD2436,685.503278236837
AD2437,1110.5531871018047
AD2438,451.4644267828688
AD2439,-19.853684487547866
AD2440,431.58614931973545
AD2441,1126.5533126675136
AD2442,228.593042008696
AD2443,-39.20898923679266
AD2444,522.9473969680918
AD2445,185.18925180518784
AD2446,242.46357992444962
AD2447,868.5710228440627
AD2448,694.6879321120288
AD2449,789.9503144175484
AD2450,711.8508217086918
AD2451,393.20869487717755
AD2452,1302.1569222898015
AD2453,767.5853318210712
AD2454,419.32753029671755
AD2455,171.83540303349253
AD2456,208.2613527563924
AD2457,763.6755802902611
AD2458,1124.3716299734738
AD2459,305.21382186355675
AD2460,-127.75686583749456
AD2461,194.573569481831
AD2462,295.68599562827353
AD2463,638.9592646922794
AD2464,108.88227974825384
AD2465,370.47386822357737
AD2466,632.8296414629352
AD2467,1298.4411986104105
AD2468,742.8331556757825
AD2469,897.694226718026
AD2470,691.3873366178963
AD2471,189.54882733714567
AD2472,-25.988192927154614
AD2473,806.753147782542
AD2474,76.16541070134258
AD2475,595.0190793958817
AD2476,936.0476364960451
AD2477,433.15082756465176
AD2478,-124.35703249484607
AD2479,669.6584547775097
AD2480,177.5886654500605
AD2481,782.4875025098496
AD2482,341.8432443971095
AD2483,835.0005744943511
AD2484,-158.97677307946844
AD2485,790.9500759640424
AD2486,1359.0284286340343
AD2487,978.8343646537434
AD2488,-13.42609701065794
AD2489,1397.0736785093213
AD2490,1242.5610001085947
AD2491,970.1584411275302
AD2492,571.4591126690715
AD2493,7.751369576775119
AD2494,-299.4381625910775
AD2495,468.03695932706876
AD2496,730.6528527452202
AD2497,745.0101056379984
AD2498,368.8977730596056
AD2499,726.2574311717939
AD2500,258.9938055138068
AD2501,686.2906082900619
AD2502,681.8680805402877
AD2503,971.2022380392131
AD2504,1132.560063976413
AD2505,105.96453370633674
AD2506,660.4909550401393
AD2507,689.4398039059632
AD2508,955.5302052164483
AD2509,82.36560928045185
AD2510,473.8189628091428
AD2511,670.039075026959
AD2512,628.6037865263437
AD2513,354.31221497711795
AD2514,387.2128518255913
AD2515,552.2921629161409
AD2516,903.824968048005
AD2517,422.571363063676
AD2518,750.1391862682591
AD2519,255.18954573236772
AD2520,829.0306762823244
AD2521,62.83459940447415
AD2522,1085.1277940542532
AD2523,1391.8445525957482
AD2524,218.545184579727
AD2525,1170.442021571016
AD2526,1318.1295851792738
AD2527,1072.370600203078
AD2528,783.5142392099762
AD2529,568.803965735218
AD2530,339.12386466873204
AD2531,374.6555113423037
AD2532,542.8468914142685
AD2533,799.690888792365
AD2534,855.7286604835255
AD2535,-30.00647809505773
AD2536,413.58895300612426
AD2537,1027.9776882727956
AD2538,184.88722348581473
AD2539,-229.77404827126946
AD2540,1078.3416049856392
AD2541,87.96317070600332
AD2542,1031.7138139168646
AD2543,363.39326059130735
AD2544,1068.110459794385
AD2545,-196.208138831729
AD2546,908.6036654590383
AD2547,937.4214121447334
AD2548,547.8439126859479
AD2549,709.4121364092836
AD2550,430.84985396016305
AD2551,492.8191434933418
AD2552,742.2061953790932
AD2553,278.6538512595271
AD2554,551.1449151244695
AD2555,512.7757073340798
AD2556,0.21975848863132796
AD2557,1097.2248823139535
AD2558,640.4205749767929
AD2559,470.77252765743776
AD2560,1219.4958530292415
AD2561,1298.555283371517
AD2562,870.2022352110477
AD2563,842.3568074351127
AD2564,388.09509070473325
AD2565,1170.7623983100289
AD2566,602.0886461300987
AD2567,1242.819082397058
AD2568,1256.2826825492448
AD2569,383.75838619003537
AD2570,555.4696228517136
AD2571,540.4806534428768
AD2572,570.0980396586452
AD2573,-240.1042838498812
AD2574,278.2921126227292
AD2575,637.7552529545961
AD2576,181.78117286559075
AD2577,900.131410334927
AD2578,695.4372203277081
AD2579,355.57171420622717
AD2580,679.6050957524752
AD2581,482.3882027630103
AD2582,1042.6042308254855
AD2583,950.7208239817134
AD2584,571.3475933095361
AD2585,643.3040293246974
AD2586,567.6960814998798
AD2587,-231.42686498971312
AD2588,927.3646094400709
AD2589,654.7938444029611
AD2590,780.4666319311183
AD2591,776.6532507907663
AD2592,199.0816534563519
AD2593,-195.19200720973572
AD2594,731.8076904071644
AD2595,750.2244354405212
AD2596,449.39775788894656
AD2597,222.65918805486945
AD2598,1337.9016195152785
AD2599,760.3733153691556
AD2600,600.4786280687778
AD2601,-7.190043029651406
AD2602,563.7828331372199
AD2603,148.4018102140168
AD2604,1035.8905650161673
AD2605,724.1842305629701
AD2606,385.29524336743305
AD2607,706.0054049906188
AD2608,297.99484786144274
AD2609,390.73560440290566
AD2610,1410.20179537772
AD2611,732.95833247996
AD2612,260.0518542477421
AD2613,712.5452581844985
AD2614,202.65840589222057
AD2615,-319.2524391809843
AD2616,212.68026986077757
AD2617,602.9207075247617
AD2618,405.8859860178203
AD2619,614.5728472629022
AD2620,151.0274120730536
AD2621,955.0396019852168
AD2622,526.6675392269841
AD2623,1002.9731240521695
AD2624,1040.8269365574306
AD2625,1470.5596048497132
AD2626,757.6058746857449
AD2627,871.4083387158458
AD2628,379.8513706929575
AD2629,1228.9012503984077
AD2630,475.4890931356224
AD2631,803.5689291204682
AD2632,319.04783395219204
AD2633,722.8893523630296
AD2634,586.4519951550591
AD2635,58.02858094305623
AD2636,805.2506525295161
AD2637,978.8233429635851
AD2638,-85.18110428737867
AD2639,92.90316124034098
AD2640,1154.9185458645265
AD2641,1035.0154600367264
AD2642,1004.0037860046606
AD2643,-343.4036285547093
AD2644,452.40414263262915
AD2645,1402.5686744545187
AD2646,788.444225866656
AD2647,831.3234620790141
AD2648,-26.40920140344582
AD2649,1017.6265988289243
AD2650,1149.7377738964406
AD2651,815.8661467678074
AD2652,575.3418880166847
AD2653,966.6398470290022
AD2654,1366.9859463348034
AD2655,57.008992905583796
AD2656,573.967621378552
AD2657,358.98183002286453
AD2658,839.5835606998468
AD2659,944.8012777519585
AD2660,183.37861523641743
AD2661,615.9161174400909
AD2662,1138.03463940652
AD2663,1190.2595884816642
AD2664,543.6011877903701
AD2665,-114.63707933582873
AD2666,763.2386067513529
AD2667,763.0611899454913
AD2668,1369.3958908288955
AD2669,182.56525056474527
AD2670,-20.895422204511988
AD2671,619.9886505103613
AD2672,976.0899384007126
AD2673,67.50575872441698
AD2674,641.965034672338
AD2675,463.44411469944487
AD2676,-161.09622970661434
AD2677,722.7663783432657
AD2678,16.194335802119667
AD2679,1085.0026418474167
AD2680,674.5631934436736
AD2681,1052.14161025865
AD2682,271.186894842794
AD2683,637.5475285584849
AD2684,188.38462769016985
AD2685,66.14746864755011
AD2686,695.1860471203032
AD2687,950.6656166495874
AD2688,1054.6770639024958
AD2689,765.6292934994998
AD2690,351.1282054831463
AD2691,754.5835269314151
AD2692,369.8145389503695
AD2693,672.0124870736425
AD2694,1263.7658127814543
AD2695,204.5082438412437
AD2696,98.09273471973779
AD2697,443.9519299047481
AD2698,413.26047535908674
AD2699,-119.60589059026381
AD2700,441.03559378296245
AD2701,129.1064716579882
AD2702,590.568052459129
AD2703,-154.50381175637642
AD2704,704.4958768512248
AD2705,1070.7950113323514
AD2706,568.7656581429004
AD2707,124.94566176500996
AD2708,-131.5336826362314
AD2709,1070.7729856675373
AD2710,1327.911545803509
AD2711,512.9518072389761
AD2712,772.3256837727707
AD2713,1202.3250278016867
AD2714,370.78029803679715
AD2715,245.04672951633552
AD2716,771.392746683261
AD2717,1052.1243073355354
AD2718,272.93162667002287
AD2719,155.55392920351267
AD2720,1071.6118988285316
AD2721,578.248529365225
AD2722,248.5599665427335
AD2723,-238.18665587424812
AD2724,226.89348120348814
AD2725,502.26748214515817
AD2726,512.9112438389601
AD2727,224.54117019498653
AD2728,498.71736949679723
AD2729,370.61767746331896
AD2730,1118.112644888009
AD2731,354.40615242678837
AD2732,-174.00383854929908
AD2733,1040.5375642207964
AD2734,196.61240390889793
AD2735,567.5081134245723
AD2736,571.6922138329195
AD2737,587.0806138972633
AD2738,1158.2578804872905
